coordX,coordY
0.0,0.0
0.0,0.0
0.0,0.0
0.0,0.0
0.0,0.0
0.0,0.0
0.0,0.0
0.0,0.0
0.0,0.0
0.0,0.0
0.0,0.0
0.0,0.0
0.0,0.0
0.0,0.0
0.0,0.0
0.0,0.0
0.0,0.0
0.0,0.0
0.0,0.0
0.0,0.0
0.0,0.0
0.0,0.0
0.0,0.0
0.0,0.0
0.0,0.0
0.0,0.0
0.0,0.0
0.0,0.0
0.0,0.0
0.0,0.0
0.0,0.0
0.0,0.0
0.0,0.0
0.0,0.0
0.0,0.0
0.0,0.0
0.0,0.0
0.0,0.0
0.0,0.0
0.0,0.0
0.0,0.0
0.0,0.0
0.0,0.0
0.0,0.0
0.0,0.0
0.0,0.0
0.0,0.0
0.0,0.0
0.0,0.0
0.0,0.0
0.0,0.0
0.0,0.0
0.0,0.0
0.0,0.0
0.0,0.0
0.0,0.0
0.0,0.0
0.0,0.0
0.0,0.0
0.0,0.0
0.0,0.0
0.0,0.0
0.0,0.0
0.0,0.0
0.0,0.0
0.0,0.0
0.0,0.0
0.0,0.0
0.0,0.0
0.0,0.0
0.0,0.0
0.0,0.0
0.0,0.0
0.0,0.0
0.0,0.0
0.0,0.0
0.0,0.0
0.0,0.0
0.0,0.0
0.0,0.0
0.0,0.0
0.0,0.0
0.0,0.0
0.0,0.0
0.0,0.0
0.0,0.0
0.0,0.0
0.0,0.0
0.0,0.0
0.0,0.0
0.0,0.0
0.0,0.0
0.0,0.0
0.0,0.0
0.0,0.0
0.0,0.0
-5.6300363E-5,0.0015894675
-5.6300363E-5,0.0015894675
-5.6300363E-5,0.0015894675
-5.6300363E-5,0.0015894675
-5.6300363E-5,0.0015894675
-5.6300363E-5,0.0015894675
-5.6300363E-5,0.0015894675
-1.6362425E-4,0.007947681
-1.6362425E-4,0.007947681
-1.6362425E-4,0.007947681
-1.6362425E-4,0.007947681
-1.6362425E-4,0.007947681
-1.6362425E-4,0.007947681
1.7216733E-4,0.02059267
1.7216733E-4,0.02059267
1.7216733E-4,0.02059267
1.7216733E-4,0.02059267
1.7216733E-4,0.02059267
1.7216733E-4,0.02059267
4.8676753E-4,0.03814891
4.8676753E-4,0.03814891
4.8676753E-4,0.03814891
4.8676753E-4,0.03814891
4.8676753E-4,0.03814891
0.0014212133,0.066314355
0.0014212133,0.066314355
0.0014212133,0.066314355
0.0014212133,0.066314355
0.0014212133,0.066314355
0.0014212133,0.066314355
0.003575977,0.10309496
0.003575977,0.10309496
0.003575977,0.10309496
0.003575977,0.10309496
0.003575977,0.10309496
0.003575977,0.10309496
0.006345375,0.14734937
0.006345375,0.14734937
0.006345375,0.14734937
0.006345375,0.14734937
0.006345375,0.14734937
0.009395818,0.19620652
0.009395818,0.19620652
0.009395818,0.19620652
0.009395818,0.19620652
0.009395818,0.19620652
0.009395818,0.19620652
0.012309884,0.24845645
0.012309884,0.24845645
0.012309884,0.24845645
0.012309884,0.24845645
0.012309884,0.24845645
0.012309884,0.24845645
0.015079885,0.30373746
0.015079885,0.30373746
0.015079885,0.30373746
0.015079885,0.30373746
0.015079885,0.30373746
0.017868515,0.36406097
0.017868515,0.36406097
0.017868515,0.36406097
0.017868515,0.36406097
0.017868515,0.36406097
0.017868515,0.36406097
0.020068455,0.42770883
0.020068455,0.42770883
0.020068455,0.42770883
0.020068455,0.42770883
0.020068455,0.42770883
0.020068455,0.42770883
0.021403227,0.49602097
0.021403227,0.49602097
0.021403227,0.49602097
0.021403227,0.49602097
0.021403227,0.49602097
0.020892281,0.5703452
0.020892281,0.5703452
0.020892281,0.5703452
0.020892281,0.5703452
0.020892281,0.5703452
0.020892281,0.5703452
0.018968523,0.65315104
0.018968523,0.65315104
0.018968523,0.65315104
0.018968523,0.65315104
0.018968523,0.65315104
0.018968523,0.65315104
0.016594475,0.7414821
0.016594475,0.7414821
0.016594475,0.7414821
0.016594475,0.7414821
0.016594475,0.7414821
0.01314551,0.8361669
0.01314551,0.8361669
0.01314551,0.8361669
0.01314551,0.8361669
0.01314551,0.8361669
0.01314551,0.8361669
0.009626284,0.9350112
0.009626284,0.9350112
0.009626284,0.9350112
0.009626284,0.9350112
0.009626284,0.9350112
0.006278096,1.0388746
0.006278096,1.0388746
0.006278096,1.0388746
0.006278096,1.0388746
0.006278096,1.0388746
0.006278096,1.0388746
0.0047688168,1.145947
0.0047688168,1.145947
0.0047688168,1.145947
0.0047688168,1.145947
0.0047688168,1.145947
0.0047688168,1.145947
0.0049102036,1.2564293
0.0049102036,1.2564293
0.0049102036,1.2564293
0.0049102036,1.2564293
0.0049102036,1.2564293
0.0049102036,1.2564293
0.007959387,1.3705251
0.007959387,1.3705251
0.007959387,1.3705251
0.007959387,1.3705251
0.007959387,1.3705251
0.01405879,1.4873275
0.01405879,1.4873275
0.01405879,1.4873275
0.01405879,1.4873275
0.01405879,1.4873275
0.016481481,1.6116226
0.016481481,1.6116226
0.016481481,1.6116226
0.016481481,1.6116226
0.016481481,1.6116226
0.016481481,1.6116226
0.019415658,1.7477566
0.019415658,1.7477566
0.019415658,1.7477566
0.019415658,1.7477566
0.019415658,1.7477566
0.019415658,1.7477566
0.019415658,1.7477566
0.019415658,1.7477566
0.019415658,1.7477566
0.019415658,1.7477566
0.019415658,1.7477566
0.019415658,1.7477566
0.01945827,1.7493964
0.01945827,1.7493964
0.01945827,1.7493964
0.01945827,1.7493964
0.01945827,1.7493964
0.019568177,1.757904
0.019568177,1.757904
0.019568177,1.757904
0.019568177,1.757904
0.019568177,1.757904
0.019568177,1.757904
0.019645019,1.7711356
0.019645019,1.7711356
0.019645019,1.7711356
0.019645019,1.7711356
0.019645019,1.7711356
0.019675624,1.7884072
0.019675624,1.7884072
0.019675624,1.7884072
0.019675624,1.7884072
0.019675624,1.7884072
0.019675624,1.7884072
0.019550713,1.8091569
0.019550713,1.8091569
0.019550713,1.8091569
0.019550713,1.8091569
0.019550713,1.8091569
0.019550713,1.8091569
0.019550713,1.8091569
0.01939913,1.833415
0.01939913,1.833415
0.01939913,1.833415
0.01939913,1.833415
0.018722441,1.8626469
0.018722441,1.8626469
0.018722441,1.8626469
0.018722441,1.8626469
0.018722441,1.8626469
0.018722441,1.8626469
0.017866433,1.9048404
0.017866433,1.9048404
0.017866433,1.9048404
0.017866433,1.9048404
0.017866433,1.9048404
0.017866433,1.9048404
0.017866433,1.9048404
0.017111849,1.9537762
0.017111849,1.9537762
0.017111849,1.9537762
0.017111849,1.9537762
0.017111849,1.9537762
0.017111849,1.9537762
0.01648838,2.0099218
0.01648838,2.0099218
0.01648838,2.0099218
0.01648838,2.0099218
0.01595963,2.071241
0.01595963,2.071241
0.01595963,2.071241
0.01595963,2.071241
0.01595963,2.071241
0.01595963,2.071241
0.015920557,2.137633
0.015920557,2.137633
0.015920557,2.137633
0.015920557,2.137633
0.015920557,2.137633
0.015920557,2.137633
0.015920557,2.137633
0.01633879,2.2099953
0.01633879,2.2099953
0.01633879,2.2099953
0.01633879,2.2099953
0.01633879,2.2099953
0.01633879,2.2099953
0.018061541,2.2851083
0.018061541,2.2851083
0.018061541,2.2851083
0.018061541,2.2851083
0.018061541,2.2851083
0.021544488,2.3628461
0.021544488,2.3628461
0.021544488,2.3628461
0.021544488,2.3628461
0.021544488,2.3628461
0.021544488,2.3628461
0.024804711,2.4502273
0.024804711,2.4502273
0.024804711,2.4502273
0.024804711,2.4502273
0.024804711,2.4502273
0.024804711,2.4502273
0.031284936,2.550393
0.031284936,2.550393
0.031284936,2.550393
0.031284936,2.550393
0.031284936,2.550393
0.031284936,2.550393
0.04090039,2.6602218
0.04090039,2.6602218
0.04090039,2.6602218
0.04090039,2.6602218
0.051774412,2.7739656
0.051774412,2.7739656
0.051774412,2.7739656
0.051774412,2.7739656
0.051774412,2.7739656
0.051774412,2.7739656
0.063122556,2.8946056
0.063122556,2.8946056
0.063122556,2.8946056
0.063122556,2.8946056
0.063122556,2.8946056
0.063122556,2.8946056
0.063122556,2.8946056
0.07422714,3.0201004
0.07422714,3.0201004
0.07422714,3.0201004
0.07422714,3.0201004
0.07422714,3.0201004
0.07422714,3.0201004
0.083700955,3.1507535
0.083700955,3.1507535
0.083700955,3.1507535
0.083700955,3.1507535
0.09122822,3.2833858
0.09122822,3.2833858
0.09122822,3.2833858
0.09122822,3.2833858
0.09122822,3.2833858
0.09122822,3.2833858
0.09122822,3.2833858
0.09686208,3.4182453
0.09686208,3.4182453
0.09686208,3.4182453
0.09686208,3.4182453
0.09832591,3.5601306
0.09832591,3.5601306
0.09832591,3.5601306
0.09832591,3.5601306
0.09832591,3.5601306
0.09832591,3.5601306
0.09832591,3.5601306
0.09832591,3.5601306
0.095692396,3.7106276
0.095692396,3.7106276
0.095692396,3.7106276
0.095692396,3.7106276
0.095692396,3.7106276
0.090690516,3.8700924
0.090690516,3.8700924
0.090690516,3.8700924
0.090690516,3.8700924
0.090690516,3.8700924
0.0845048,4.035779
0.0845048,4.035779
0.0845048,4.035779
0.0845048,4.035779
0.0845048,4.035779
0.0845048,4.035779
0.0845048,4.035779
0.078557275,4.206543
0.078557275,4.206543
0.078557275,4.206543
0.078557275,4.206543
0.078557275,4.206543
0.07228859,4.3830132
0.07228859,4.3830132
0.07228859,4.3830132
0.07228859,4.3830132
0.07228859,4.3830132
0.07228859,4.3830132
0.07228859,4.3830132
0.06942256,4.565338
0.06942256,4.565338
0.06942256,4.565338
0.06942256,4.565338
0.06942256,4.565338
0.0714733,4.7509437
0.0714733,4.7509437
0.0714733,4.7509437
0.0714733,4.7509437
0.0714733,4.7509437
0.0714733,4.7509437
0.080865175,4.940493
0.080865175,4.940493
0.080865175,4.940493
0.080865175,4.940493
0.080865175,4.940493
0.080865175,4.940493
0.098618664,5.13264
0.098618664,5.13264
0.098618664,5.13264
0.098618664,5.13264
0.098618664,5.13264
0.098618664,5.13264
0.12257036,5.3298388
0.12257036,5.3298388
0.12257036,5.3298388
0.12257036,5.3298388
0.12257036,5.3298388
0.12257036,5.3298388
0.12257036,5.3298388
0.12257036,5.3298388
0.12257036,5.3298388
0.12257036,5.3298388
0.12257036,5.3298388
0.12257036,5.3298388
0.12257036,5.3298388
0.12257036,5.3298388
0.12257036,5.3298388
0.12257036,5.3298388
0.12257036,5.3298388
0.12257036,5.3298388
0.12257036,5.3298388
0.12257036,5.3298388
0.12257036,5.3298388
0.12257036,5.3298388
0.12292641,5.3318777
0.12292641,5.3318777
0.12292641,5.3318777
0.12292641,5.3318777
0.12292641,5.3318777
0.12292641,5.3318777
0.12460416,5.342102
0.12460416,5.342102
0.12460416,5.342102
0.12460416,5.342102
0.12460416,5.342102
0.12460416,5.342102
0.12744583,5.3597527
0.12744583,5.3597527
0.12744583,5.3597527
0.12744583,5.3597527
0.12744583,5.3597527
0.12744583,5.3597527
0.13107981,5.385494
0.13107981,5.385494
0.13107981,5.385494
0.13107981,5.385494
0.13107981,5.385494
0.13478215,5.4161935
0.13478215,5.4161935
0.13478215,5.4161935
0.13478215,5.4161935
0.13478215,5.4161935
0.13478215,5.4161935
0.1381478,5.452552
0.1381478,5.452552
0.1381478,5.452552
0.1381478,5.452552
0.1381478,5.452552
0.1381478,5.452552
0.14125782,5.4927583
0.14125782,5.4927583
0.14125782,5.4927583
0.14125782,5.4927583
0.14125782,5.4927583
0.14125782,5.4927583
0.14446174,5.5372157
0.14446174,5.5372157
0.14446174,5.5372157
0.14446174,5.5372157
0.14446174,5.5372157
0.14446174,5.5372157
0.14757238,5.584435
0.14757238,5.584435
0.14757238,5.584435
0.14757238,5.584435
0.14757238,5.584435
0.15077609,5.6342807
0.15077609,5.6342807
0.15077609,5.6342807
0.15077609,5.6342807
0.15077609,5.6342807
0.15077609,5.6342807
0.15425026,5.687409
0.15425026,5.687409
0.15425026,5.687409
0.15425026,5.687409
0.15425026,5.687409
0.15425026,5.687409
0.15739018,5.7435327
0.15739018,5.7435327
0.15739018,5.7435327
0.15739018,5.7435327
0.15739018,5.7435327
0.15996481,5.8025255
0.15996481,5.8025255
0.15996481,5.8025255
0.15996481,5.8025255
0.15996481,5.8025255
0.15996481,5.8025255
0.1614754,5.864637
0.1614754,5.864637
0.1614754,5.864637
0.1614754,5.864637
0.1614754,5.864637
0.1614754,5.864637
0.16043787,5.9313984
0.16043787,5.9313984
0.16043787,5.9313984
0.16043787,5.9313984
0.16043787,5.9313984
0.16043787,5.9313984
0.16043787,5.9313984
0.15653251,6.001704
0.15653251,6.001704
0.15653251,6.001704
0.15653251,6.001704
0.14835402,6.075697
0.14835402,6.075697
0.14835402,6.075697
0.14835402,6.075697
0.14835402,6.075697
0.14835402,6.075697
0.13317733,6.1539097
0.13317733,6.1539097
0.13317733,6.1539097
0.13317733,6.1539097
0.13317733,6.1539097
0.13317733,6.1539097
0.13317733,6.1539097
0.11181266,6.235195
0.11181266,6.235195
0.11181266,6.235195
0.11181266,6.235195
0.11181266,6.235195
0.11181266,6.235195
0.11181266,6.235195
0.11181266,6.235195
0.11181266,6.235195
0.11181266,6.235195
0.11181266,6.235195
0.11181266,6.235195
0.11181266,6.235195
0.11181266,6.235195
0.11181266,6.235195
0.11181266,6.235195
0.11181266,6.235195
0.11181266,6.235195
0.11181266,6.235195
0.11181266,6.235195
0.11181266,6.235195
0.11181266,6.235195
0.11181266,6.235195
0.11181266,6.235195
0.11181266,6.235195
0.11181266,6.235195
0.11181266,6.235195
0.11181266,6.235195
0.11181266,6.235195
0.11181266,6.235195
0.11181266,6.235195
0.11181266,6.235195
0.11181266,6.235195
0.11181266,6.235195
0.11181266,6.235195
0.11181266,6.235195
0.11181266,6.235195
0.11181266,6.235195
0.11181266,6.235195
0.11181266,6.235195
0.11181266,6.235195
0.11181266,6.235195
0.11181266,6.235195
0.11181266,6.235195
0.11181266,6.235195
0.11181266,6.235195
0.11181266,6.235195
0.11181266,6.235195
0.11181266,6.235195
0.11181266,6.235195
0.11181266,6.235195
0.11181266,6.235195
0.11181266,6.235195
0.11181266,6.235195
0.11181266,6.235195
0.11181266,6.235195
0.11181266,6.235195
0.11181266,6.235195
0.11181266,6.235195
0.11181266,6.235195
0.11181266,6.235195
0.11181266,6.235195
0.11181266,6.235195
0.11181266,6.235195
0.11181266,6.235195
0.11181266,6.235195
0.11181266,6.235195
0.11181266,6.235195
0.11181266,6.235195
0.11181266,6.235195
0.11181266,6.235195
0.11181266,6.235195
0.11181266,6.235195
0.11181266,6.235195
0.11181266,6.235195
0.11181266,6.235195
0.11181266,6.235195
0.11181266,6.235195
0.11181266,6.235195
0.11181266,6.235195
0.11181266,6.235195
0.11181266,6.235195
0.11181266,6.235195
0.11181266,6.235195
0.11181266,6.235195
0.11181266,6.235195
0.11181266,6.235195
0.11181266,6.235195
0.11181266,6.235195
0.11181266,6.235195
0.11181266,6.235195
0.11181266,6.235195
0.11181266,6.235195
0.11181266,6.235195
0.11181266,6.235195
0.11181266,6.235195
0.11181266,6.235195
0.11181266,6.235195
0.11181266,6.235195
0.11181266,6.235195
0.11181266,6.235195
0.11181266,6.235195
0.11181266,6.235195
0.11181266,6.235195
0.11181266,6.235195
0.11181266,6.235195
0.11181266,6.235195
0.11181266,6.235195
0.11181266,6.235195
0.11181266,6.235195
0.11181266,6.235195
0.11181266,6.235195
0.11181266,6.235195
0.11181266,6.235195
0.11181266,6.235195
0.11181266,6.235195
0.11181266,6.235195
0.11181266,6.235195
0.11181266,6.235195
0.11181266,6.235195
0.11181266,6.235195
0.11181266,6.235195
0.11181266,6.235195
0.11181266,6.235195
0.11181266,6.235195
0.11181266,6.235195
0.11181266,6.235195
0.11181266,6.235195
0.11181266,6.235195
0.11181266,6.235195
0.11181266,6.235195
0.11181266,6.235195
0.11181266,6.235195
0.11181266,6.235195
0.11181266,6.235195
0.11181266,6.235195
0.11181266,6.235195
0.11181266,6.235195
0.1114135,6.2351065
0.1114135,6.2351065
0.1114135,6.2351065
0.1114135,6.2351065
0.1114135,6.2351065
0.1114135,6.2351065
0.10973214,6.2347727
0.10973214,6.2347727
0.10973214,6.2347727
0.10973214,6.2347727
0.10973214,6.2347727
0.10973214,6.2347727
0.10973214,6.2347727
0.10973214,6.2347727
0.10973214,6.2347727
0.10973214,6.2347727
0.10973214,6.2347727
0.10973214,6.2347727
0.10973214,6.2347727
0.10973214,6.2347727
0.10973214,6.2347727
0.10973214,6.2347727
0.10973214,6.2347727
0.10973214,6.2347727
0.10973214,6.2347727
0.10973214,6.2347727
0.10973214,6.2347727
0.10973214,6.2347727
0.10973214,6.2347727
0.10973214,6.2347727
0.10973214,6.2347727
0.10973214,6.2347727
0.10973214,6.2347727
0.10973214,6.2347727
0.10973214,6.2347727
0.10973214,6.2347727
0.10973214,6.2347727
0.10973214,6.2347727
0.10973214,6.2347727
0.10973214,6.2347727
0.10973214,6.2347727
0.10973214,6.2347727
0.10973214,6.2347727
0.10973214,6.2347727
0.10973214,6.2347727
0.10973214,6.2347727
0.10973214,6.2347727
0.10973214,6.2347727
0.10973214,6.2347727
0.10973214,6.2347727
0.10973214,6.2347727
0.10973214,6.2347727
0.10973214,6.2347727
0.10973214,6.2347727
0.10973214,6.2347727
0.10973214,6.2347727
0.10973214,6.2347727
0.10973214,6.2347727
0.10973214,6.2347727
0.10973214,6.2347727
0.10973214,6.2347727
0.10973214,6.2347727
0.10973214,6.2347727
0.10973214,6.2347727
0.10973214,6.2347727
0.10973214,6.2347727
0.10973214,6.2347727
0.10973214,6.2347727
0.10973214,6.2347727
0.10973214,6.2347727
0.10973214,6.2347727
0.10973214,6.2347727
0.10973214,6.2347727
0.10973214,6.2347727
0.10973214,6.2347727
0.10973214,6.2347727
0.10973214,6.2347727
0.10973214,6.2347727
0.10973214,6.2347727
0.10973214,6.2347727
0.10973214,6.2347727
0.10973214,6.2347727
0.10973214,6.2347727
0.10973214,6.2347727
0.10973214,6.2347727
0.10973214,6.2347727
0.10973214,6.2347727
0.10973214,6.2347727
0.10973214,6.2347727
0.10973214,6.2347727
0.10973214,6.2347727
0.10973214,6.2347727
0.10973214,6.2347727
0.10973214,6.2347727
0.10973214,6.2347727
0.10973214,6.2347727
0.10973214,6.2347727
0.10973214,6.2347727
0.10973214,6.2347727
0.10973214,6.2347727
0.10973214,6.2347727
0.10973214,6.2347727
0.10973214,6.2347727
0.10318718,6.234986
0.10318718,6.234986
0.10318718,6.234986
0.10318718,6.234986
0.10318718,6.234986
0.10318718,6.234986
0.08908066,6.2354693
0.08908066,6.2354693
0.08908066,6.2354693
0.08908066,6.2354693
0.08908066,6.2354693
0.06452212,6.2363935
0.06452212,6.2363935
0.06452212,6.2363935
0.06452212,6.2363935
0.06452212,6.2363935
0.06452212,6.2363935
0.06452212,6.2363935
0.033014152,6.237802
0.033014152,6.237802
0.033014152,6.237802
0.033014152,6.237802
0.033014152,6.237802
-0.0073133074,6.2395473
-0.0073133074,6.2395473
-0.0073133074,6.2395473
-0.0073133074,6.2395473
-0.0073133074,6.2395473
-0.0073133074,6.2395473
-0.054238312,6.2412333
-0.054238312,6.2412333
-0.054238312,6.2412333
-0.054238312,6.2412333
-0.054238312,6.2412333
-0.054238312,6.2412333
-0.10560773,6.243584
-0.10560773,6.243584
-0.10560773,6.243584
-0.10560773,6.243584
-0.10560773,6.243584
-0.16217273,6.2459946
-0.16217273,6.2459946
-0.16217273,6.2459946
-0.16217273,6.2459946
-0.16217273,6.2459946
-0.16217273,6.2459946
-0.16217273,6.2459946
-0.22362785,6.247893
-0.22362785,6.247893
-0.22362785,6.247893
-0.22362785,6.247893
-0.2900864,6.2494473
-0.2900864,6.2494473
-0.2900864,6.2494473
-0.2900864,6.2494473
-0.2900864,6.2494473
-0.2900864,6.2494473
-0.3634055,6.251051
-0.3634055,6.251051
-0.3634055,6.251051
-0.3634055,6.251051
-0.3634055,6.251051
-0.3634055,6.251051
-0.3634055,6.251051
-0.4420356,6.253234
-0.4420356,6.253234
-0.4420356,6.253234
-0.4420356,6.253234
-0.4420356,6.253234
-0.4420356,6.253234
-0.5285682,6.256434
-0.5285682,6.256434
-0.5285682,6.256434
-0.5285682,6.256434
-0.5285682,6.256434
-0.6213022,6.2606974
-0.6213022,6.2606974
-0.6213022,6.2606974
-0.6213022,6.2606974
-0.6213022,6.2606974
-0.7191065,6.2672696
-0.7191065,6.2672696
-0.7191065,6.2672696
-0.7191065,6.2672696
-0.7191065,6.2672696
-0.7191065,6.2672696
-0.7191065,6.2672696
-0.8260662,6.2726636
-0.8260662,6.2726636
-0.8260662,6.2726636
-0.8260662,6.2726636
-0.8260662,6.2726636
-0.8260662,6.2726636
-0.93922126,6.2797084
-0.93922126,6.2797084
-0.93922126,6.2797084
-0.93922126,6.2797084
-0.93922126,6.2797084
-0.93922126,6.2797084
-1.0564482,6.2880754
-1.0564482,6.2880754
-1.0564482,6.2880754
-1.0564482,6.2880754
-1.0564482,6.2880754
-1.1775275,6.2979207
-1.1775275,6.2979207
-1.1775275,6.2979207
-1.1775275,6.2979207
-1.1775275,6.2979207
-1.1775275,6.2979207
-1.3068876,6.3078995
-1.3068876,6.3078995
-1.3068876,6.3078995
-1.3068876,6.3078995
-1.3068876,6.3078995
-1.3068876,6.3078995
-1.442472,6.3178144
-1.442472,6.3178144
-1.442472,6.3178144
-1.442472,6.3178144
-1.442472,6.3178144
-1.442472,6.3178144
-1.585241,6.3271213
-1.585241,6.3271213
-1.585241,6.3271213
-1.585241,6.3271213
-1.7324989,6.33566
-1.7324989,6.33566
-1.7324989,6.33566
-1.7324989,6.33566
-1.7324989,6.33566
-1.7324989,6.33566
-1.7324989,6.33566
-1.8844644,6.340996
-1.8844644,6.340996
-1.8844644,6.340996
-1.8844644,6.340996
-1.8844644,6.340996
-1.8844644,6.340996
-2.0480092,6.339472
-2.0480092,6.339472
-2.0480092,6.339472
-2.0480092,6.339472
-2.0480092,6.339472
-2.2217667,6.339044
-2.2217667,6.339044
-2.2217667,6.339044
-2.2217667,6.339044
-2.2217667,6.339044
-2.2217667,6.339044
-2.4018834,6.342077
-2.4018834,6.342077
-2.4018834,6.342077
-2.4018834,6.342077
-2.4018834,6.342077
-2.4018834,6.342077
-2.5868886,6.34684
-2.5868886,6.34684
-2.5868886,6.34684
-2.5868886,6.34684
-2.5868886,6.34684
-2.5868886,6.34684
-2.7766933,6.350723
-2.7766933,6.350723
-2.7766933,6.350723
-2.7766933,6.350723
-2.7766933,6.350723
-2.7766933,6.350723
-2.9734335,6.355976
-2.9734335,6.355976
-2.9734335,6.355976
-2.9734335,6.355976
-2.9734335,6.355976
-3.174452,6.363815
-3.174452,6.363815
-3.174452,6.363815
-3.174452,6.363815
-3.174452,6.363815
-3.174452,6.363815
-3.3797169,6.3760552
-3.3797169,6.3760552
-3.3797169,6.3760552
-3.3797169,6.3760552
-3.3797169,6.3760552
-3.587663,6.3948035
-3.587663,6.3948035
-3.587663,6.3948035
-3.587663,6.3948035
-3.587663,6.3948035
-3.587663,6.3948035
-3.800808,6.4096913
-3.800808,6.4096913
-3.800808,6.4096913
-3.800808,6.4096913
-3.800808,6.4096913
-3.800808,6.4096913
-4.0235796,6.425077
-4.0235796,6.425077
-4.0235796,6.425077
-4.0235796,6.425077
-4.0235796,6.425077
-4.0235796,6.425077
-4.2565618,6.443052
-4.2565618,6.443052
-4.2565618,6.443052
-4.2565618,6.443052
-4.2565618,6.443052
-4.4941893,6.4600134
-4.4941893,6.4600134
-4.4941893,6.4600134
-4.4941893,6.4600134
-4.4941893,6.4600134
-4.4941893,6.4600134
-4.736634,6.4736457
-4.736634,6.4736457
-4.736634,6.4736457
-4.736634,6.4736457
-4.736634,6.4736457
-4.736634,6.4736457
-4.9855895,6.4830027
-4.9855895,6.4830027
-4.9855895,6.4830027
-4.9855895,6.4830027
-4.9855895,6.4830027
-4.9855895,6.4830027
-5.239241,6.4891047
-5.239241,6.4891047
-5.239241,6.4891047
-5.239241,6.4891047
-5.239241,6.4891047
-5.496741,6.493505
-5.496741,6.493505
-5.496741,6.493505
-5.496741,6.493505
-5.496741,6.493505
-5.496741,6.493505
-5.7592916,6.4965434
-5.7592916,6.4965434
-5.7592916,6.4965434
-5.7592916,6.4965434
-5.7592916,6.4965434
-5.7592916,6.4965434
-5.7592916,6.4965434
-6.0273633,6.498254
-6.0273633,6.498254
-6.0273633,6.498254
-6.0273633,6.498254
-6.2997804,6.4921474
-6.2997804,6.4921474
-6.2997804,6.4921474
-6.2997804,6.4921474
-6.2997804,6.4921474
-6.2997804,6.4921474
-6.5819635,6.4761496
-6.5819635,6.4761496
-6.5819635,6.4761496
-6.5819635,6.4761496
-6.5819635,6.4761496
-6.5819635,6.4761496
-6.5819635,6.4761496
-6.8713827,6.464381
-6.8713827,6.464381
-6.8713827,6.464381
-6.8713827,6.464381
-6.8713827,6.464381
-6.8713827,6.464381
-7.166766,6.4571395
-7.166766,6.4571395
-7.166766,6.4571395
-7.166766,6.4571395
-7.166766,6.4571395
-7.4671035,6.451788
-7.4671035,6.451788
-7.4671035,6.451788
-7.4671035,6.451788
-7.4671035,6.451788
-7.4671035,6.451788
-7.771613,6.4510694
-7.771613,6.4510694
-7.771613,6.4510694
-7.771613,6.4510694
-7.771613,6.4510694
-7.771613,6.4510694
-8.080962,6.4567585
-8.080962,6.4567585
-8.080962,6.4567585
-8.080962,6.4567585
-8.080962,6.4567585
-8.393802,6.471787
-8.393802,6.471787
-8.393802,6.471787
-8.393802,6.471787
-8.393802,6.471787
-8.709298,6.495017
-8.709298,6.495017
-8.709298,6.495017
-8.709298,6.495017
-8.709298,6.495017
-8.709298,6.495017
-8.709298,6.495017
-9.026412,6.5304546
-9.026412,6.5304546
-9.026412,6.5304546
-9.026412,6.5304546
-9.026412,6.5304546
-9.353531,6.569241
-9.353531,6.569241
-9.353531,6.569241
-9.353531,6.569241
-9.353531,6.569241
-9.353531,6.569241
-9.353531,6.569241
-9.353531,6.569241
-9.353531,6.569241
-9.353531,6.569241
-9.353531,6.569241
-9.353531,6.569241
-9.353531,6.569241
-9.353531,6.569241
-9.353531,6.569241
-9.353531,6.569241
-9.353531,6.569241
-9.355067,6.5693903
-9.355067,6.5693903
-9.355067,6.5693903
-9.355067,6.5693903
-9.355067,6.5693903
-9.355067,6.5693903
-9.355067,6.5693903
-9.360666,6.5698156
-9.360666,6.5698156
-9.360666,6.5698156
-9.360666,6.5698156
-9.360666,6.5698156
-9.360666,6.5698156
-9.369746,6.570291
-9.369746,6.570291
-9.369746,6.570291
-9.369746,6.570291
-9.369746,6.570291
-9.369746,6.570291
-9.381294,6.570707
-9.381294,6.570707
-9.381294,6.570707
-9.381294,6.570707
-9.394644,6.5709476
-9.394644,6.5709476
-9.394644,6.5709476
-9.394644,6.5709476
-9.394644,6.5709476
-9.394644,6.5709476
-9.410417,6.5707192
-9.410417,6.5707192
-9.410417,6.5707192
-9.410417,6.5707192
-9.410417,6.5707192
-9.410417,6.5707192
-9.410417,6.5707192
-9.431853,6.5695925
-9.431853,6.5695925
-9.431853,6.5695925
-9.431853,6.5695925
-9.431853,6.5695925
-9.431853,6.5695925
-9.464464,6.567074
-9.464464,6.567074
-9.464464,6.567074
-9.464464,6.567074
-9.464464,6.567074
-9.464464,6.567074
-9.502605,6.5634823
-9.502605,6.5634823
-9.502605,6.5634823
-9.502605,6.5634823
-9.546248,6.558943
-9.546248,6.558943
-9.546248,6.558943
-9.546248,6.558943
-9.546248,6.558943
-9.546248,6.558943
-9.546248,6.558943
-9.596896,6.5534163
-9.596896,6.5534163
-9.596896,6.5534163
-9.596896,6.5534163
-9.596896,6.5534163
-9.596896,6.5534163
-9.6523,6.547288
-9.6523,6.547288
-9.6523,6.547288
-9.6523,6.547288
-9.6523,6.547288
-9.6523,6.547288
-9.713698,6.540981
-9.713698,6.540981
-9.713698,6.540981
-9.713698,6.540981
-9.713698,6.540981
-9.779286,6.535297
-9.779286,6.535297
-9.779286,6.535297
-9.779286,6.535297
-9.779286,6.535297
-9.848164,6.5310364
-9.848164,6.5310364
-9.848164,6.5310364
-9.848164,6.5310364
-9.848164,6.5310364
-9.848164,6.5310364
-9.848164,6.5310364
-9.920782,6.5273924
-9.920782,6.5273924
-9.920782,6.5273924
-9.920782,6.5273924
-9.920782,6.5273924
-9.920782,6.5273924
-9.996345,6.524747
-9.996345,6.524747
-9.996345,6.524747
-9.996345,6.524747
-9.996345,6.524747
-10.074027,6.522677
-10.074027,6.522677
-10.074027,6.522677
-10.074027,6.522677
-10.074027,6.522677
-10.074027,6.522677
-10.074027,6.522677
-10.074027,6.522677
-10.074027,6.522677
-10.074027,6.522677
-10.074027,6.522677
-10.074027,6.522677
-10.074027,6.522677
-10.074027,6.522677
-10.074027,6.522677
-10.074027,6.522677
-10.074027,6.522677
-10.074027,6.522677
-10.074027,6.522677
-10.074027,6.522677
-10.074027,6.522677
-10.074027,6.522677
-10.074027,6.522677
-10.074027,6.522677
-10.074027,6.522677
-10.074027,6.522677
-10.074027,6.522677
-10.074027,6.522677
-10.074027,6.522677
-10.074027,6.522677
-10.074027,6.522677
-10.074027,6.522677
-10.074027,6.522677
-10.074027,6.522677
-10.074027,6.522677
-10.074027,6.522677
-10.074027,6.522677
-10.074027,6.522677
-10.074027,6.522677
-10.074027,6.522677
-10.074027,6.522677
-10.074027,6.522677
-10.074027,6.522677
-10.074027,6.522677
-10.074027,6.522677
-10.074027,6.522677
-10.074027,6.522677
-10.074027,6.522677
-10.074027,6.522677
-10.074027,6.522677
-10.074027,6.522677
-10.074027,6.522677
-10.074027,6.522677
-10.074027,6.522677
-10.074027,6.522677
-10.074027,6.522677
-10.074027,6.522677
-10.074027,6.522677
-10.074027,6.522677
-10.074027,6.522677
-10.074027,6.522677
-10.074027,6.522677
-10.074027,6.522677
-10.074027,6.522677
-10.074027,6.522677
-10.074027,6.522677
-10.074027,6.522677
-10.074027,6.522677
-10.074027,6.522677
-10.074027,6.522677
-10.074027,6.522677
-10.074027,6.522677
-10.074027,6.522677
-10.074027,6.522677
-10.074027,6.522677
-10.074027,6.522677
-10.074027,6.522677
-10.074027,6.522677
-10.074027,6.522677
-10.074027,6.522677
-10.074027,6.522677
-10.0762615,6.522246
-10.0762615,6.522246
-10.0762615,6.522246
-10.0762615,6.522246
-10.0762615,6.522246
-10.0762615,6.522246
-10.082925,6.5203443
-10.082925,6.5203443
-10.082925,6.5203443
-10.082925,6.5203443
-10.082925,6.5203443
-10.082925,6.5203443
-10.092807,6.5170393
-10.092807,6.5170393
-10.092807,6.5170393
-10.092807,6.5170393
-10.092807,6.5170393
-10.092807,6.5170393
-10.105187,6.51154
-10.105187,6.51154
-10.105187,6.51154
-10.105187,6.51154
-10.105187,6.51154
-10.105187,6.51154
-10.105187,6.51154
-10.105187,6.51154
-10.105187,6.51154
-10.105187,6.51154
-10.105187,6.51154
-10.105187,6.51154
-10.105187,6.51154
-10.105187,6.51154
-10.105187,6.51154
-10.105187,6.51154
-10.105187,6.51154
-10.105187,6.51154
-10.105187,6.51154
-10.105187,6.51154
-10.105187,6.51154
-10.105187,6.51154
-10.105187,6.51154
-10.105187,6.51154
-10.105187,6.51154
-10.105187,6.51154
-10.105187,6.51154
-10.105187,6.51154
-10.105187,6.51154
-10.105187,6.51154
-10.105187,6.51154
-10.105187,6.51154
-10.105187,6.51154
-10.105187,6.51154
-10.105187,6.51154
-10.105187,6.51154
-10.105187,6.51154
-10.105187,6.51154
-10.105187,6.51154
-10.105187,6.51154
-10.105187,6.51154
-10.105187,6.51154
-10.105187,6.51154
-10.105187,6.51154
-10.105187,6.51154
-10.105187,6.51154
-10.105187,6.51154
-10.105187,6.51154
-10.105187,6.51154
-10.105187,6.51154
-10.105187,6.51154
-10.105187,6.51154
-10.105187,6.51154
-10.105187,6.51154
-10.105187,6.51154
-10.105187,6.51154
-10.105187,6.51154
-10.105187,6.51154
-10.105187,6.51154
-10.105187,6.51154
-10.105187,6.51154
-10.105187,6.51154
-10.105187,6.51154
-10.105187,6.51154
-10.105187,6.51154
-10.105187,6.51154
-10.105187,6.51154
-10.105187,6.51154
-10.105187,6.51154
-10.105187,6.51154
-10.105187,6.51154
-10.105187,6.51154
-10.105187,6.51154
-10.105187,6.51154
-10.105187,6.51154
-10.105187,6.51154
-10.105187,6.51154
-10.105187,6.51154
-10.105187,6.51154
-10.105187,6.51154
-10.105187,6.51154
-10.105187,6.51154
-10.105187,6.51154
-10.105187,6.51154
-10.105187,6.51154
-10.105187,6.51154
-10.105187,6.51154
-10.105187,6.51154
-10.105187,6.51154
-10.105187,6.51154
-10.105187,6.51154
-10.105187,6.51154
-10.105187,6.51154
-10.105187,6.51154
-10.105187,6.51154
-10.105187,6.51154
-10.105187,6.51154
-10.105187,6.51154
-10.105187,6.51154
-10.105187,6.51154
-10.105187,6.51154
-10.105187,6.51154
-10.105187,6.51154
-10.105187,6.51154
-10.105187,6.51154
-10.105187,6.51154
-10.105187,6.51154
-10.105187,6.51154
-10.105187,6.51154
-10.105187,6.51154
-10.105187,6.51154
-10.105187,6.51154
-10.105187,6.51154
-10.105187,6.51154
-10.105187,6.51154
-10.105187,6.51154
-10.105187,6.51154
-10.105187,6.51154
-10.105187,6.51154
-10.105187,6.51154
-10.105187,6.51154
-10.105187,6.51154
-10.105187,6.51154
-10.105187,6.51154
-10.105187,6.51154
-10.105187,6.51154
-10.105187,6.51154
-10.105187,6.51154
-10.105052,6.5105753
-10.105052,6.5105753
-10.105052,6.5105753
-10.105052,6.5105753
-10.104831,6.508882
-10.104831,6.508882
-10.104831,6.508882
-10.104831,6.508882
-10.104831,6.508882
-10.104831,6.508882
-10.104831,6.508882
-10.104831,6.508882
-10.104831,6.508882
-10.104831,6.508882
-10.104831,6.508882
-10.104831,6.508882
-10.104831,6.508882
-10.104831,6.508882
-10.104831,6.508882
-10.104831,6.508882
-10.104831,6.508882
-10.104831,6.508882
-10.104831,6.508882
-10.104831,6.508882
-10.104831,6.508882
-10.104831,6.508882
-10.104831,6.508882
-10.104831,6.508882
-10.104831,6.508882
-10.104831,6.508882
-10.104831,6.508882
-10.104831,6.508882
-10.104831,6.508882
-10.104831,6.508882
-10.104831,6.508882
-10.104831,6.508882
-10.104831,6.508882
-10.104831,6.508882
-10.104831,6.508882
-10.104831,6.508882
-10.104831,6.508882
-10.104831,6.508882
-10.104831,6.508882
-10.104831,6.508882
-10.104831,6.508882
-10.104831,6.508882
-10.104831,6.508882
-10.104831,6.508882
-10.104831,6.508882
-10.104831,6.508882
-10.104831,6.508882
-10.104831,6.508882
-10.104831,6.508882
-10.104831,6.508882
-10.104831,6.508882
-10.104831,6.508882
-10.104831,6.508882
-10.104831,6.508882
-10.104831,6.508882
-10.104831,6.508882
-10.104831,6.508882
-10.104831,6.508882
-10.104831,6.508882
-10.104831,6.508882
-10.104831,6.508882
-10.104831,6.508882
-10.104831,6.508882
-10.104831,6.508882
-10.104831,6.508882
-10.104831,6.508882
-10.104831,6.508882
-10.104831,6.508882
-10.104831,6.508882
-10.104831,6.508882
-10.104831,6.508882
-10.104831,6.508882
-10.104831,6.508882
-10.104831,6.508882
-10.104831,6.508882
-10.104831,6.508882
-10.104831,6.508882
-10.104831,6.508882
-10.104831,6.508882
-10.104831,6.508882
-10.104831,6.508882
-10.104831,6.508882
-10.104831,6.508882
-10.104831,6.508882
-10.104831,6.508882
-10.104831,6.508882
-10.104831,6.508882
-10.104831,6.508882
-10.104831,6.508882
-10.104831,6.508882
-10.104831,6.508882
-10.104831,6.508882
-10.104831,6.508882
-10.104831,6.508882
-10.104831,6.508882
-10.104831,6.508882
-10.104831,6.508882
-10.104831,6.508882
-10.104831,6.508882
-10.104831,6.508882
-10.104831,6.508882
-10.104831,6.508882
-10.104831,6.508882
-10.104831,6.508882
-10.104831,6.508882
-10.105195,6.5042963
-10.105195,6.5042963
-10.105195,6.5042963
-10.105195,6.5042963
-10.105195,6.5042963
-10.106038,6.492206
-10.106038,6.492206
-10.106038,6.492206
-10.106038,6.492206
-10.106038,6.492206
-10.106038,6.492206
-10.106038,6.492206
-10.107502,6.47077
-10.107502,6.47077
-10.107502,6.47077
-10.107502,6.47077
-10.107502,6.47077
-10.109461,6.442426
-10.109461,6.442426
-10.109461,6.442426
-10.109461,6.442426
-10.109461,6.442426
-10.109461,6.442426
-10.11158,6.4065995
-10.11158,6.4065995
-10.11158,6.4065995
-10.11158,6.4065995
-10.11158,6.4065995
-10.11158,6.4065995
-10.113194,6.364657
-10.113194,6.364657
-10.113194,6.364657
-10.113194,6.364657
-10.113194,6.364657
-10.114725,6.3153863
-10.114725,6.3153863
-10.114725,6.3153863
-10.114725,6.3153863
-10.114725,6.3153863
-10.114725,6.3153863
-10.114725,6.3153863
-10.115423,6.2641287
-10.115423,6.2641287
-10.115423,6.2641287
-10.115423,6.2641287
-10.115423,6.2641287
-10.115933,6.2100077
-10.115933,6.2100077
-10.115933,6.2100077
-10.115933,6.2100077
-10.115933,6.2100077
-10.115779,6.1493573
-10.115779,6.1493573
-10.115779,6.1493573
-10.115779,6.1493573
-10.115779,6.1493573
-10.115779,6.1493573
-10.115779,6.1493573
-10.115041,6.0822115
-10.115041,6.0822115
-10.115041,6.0822115
-10.115041,6.0822115
-10.115041,6.0822115
-10.114705,6.009019
-10.114705,6.009019
-10.114705,6.009019
-10.114705,6.009019
-10.114705,6.009019
-10.114705,6.009019
-10.1153345,5.932437
-10.1153345,5.932437
-10.1153345,5.932437
-10.1153345,5.932437
-10.1153345,5.932437
-10.1153345,5.932437
-10.11793,5.852071
-10.11793,5.852071
-10.11793,5.852071
-10.11793,5.852071
-10.11793,5.852071
-10.118834,5.76736
-10.118834,5.76736
-10.118834,5.76736
-10.118834,5.76736
-10.118834,5.76736
-10.118834,5.76736
-10.118834,5.76736
-10.121708,5.6721644
-10.121708,5.6721644
-10.121708,5.6721644
-10.121708,5.6721644
-10.121708,5.6721644
-10.121708,5.6721644
-10.127482,5.5720363
-10.127482,5.5720363
-10.127482,5.5720363
-10.127482,5.5720363
-10.127482,5.5720363
-10.13407,5.4697723
-10.13407,5.4697723
-10.13407,5.4697723
-10.13407,5.4697723
-10.13407,5.4697723
-10.13407,5.4697723
-10.13407,5.4697723
-10.13407,5.4697723
-10.13407,5.4697723
-10.13407,5.4697723
-10.13407,5.4697723
-10.13407,5.4697723
-10.134312,5.4658437
-10.134312,5.4658437
-10.134312,5.4658437
-10.134312,5.4658437
-10.134312,5.4658437
-10.134312,5.4658437
-10.134712,5.457532
-10.134712,5.457532
-10.134712,5.457532
-10.134712,5.457532
-10.135192,5.4455366
-10.135192,5.4455366
-10.135192,5.4455366
-10.135192,5.4455366
-10.135192,5.4455366
-10.135192,5.4455366
-10.135192,5.4455366
-10.135582,5.4283247
-10.135582,5.4283247
-10.135582,5.4283247
-10.135582,5.4283247
-10.135582,5.4283247
-10.135582,5.4283247
-10.1353445,5.4040537
-10.1353445,5.4040537
-10.1353445,5.4040537
-10.1353445,5.4040537
-10.1353445,5.4040537
-10.1353445,5.4040537
-10.136084,5.3679447
-10.136084,5.3679447
-10.136084,5.3679447
-10.136084,5.3679447
-10.137105,5.326974
-10.137105,5.326974
-10.137105,5.326974
-10.137105,5.326974
-10.137105,5.326974
-10.137105,5.326974
-10.138622,5.2809825
-10.138622,5.2809825
-10.138622,5.2809825
-10.138622,5.2809825
-10.138622,5.2809825
-10.138622,5.2809825
-10.138622,5.2809825
-10.140655,5.229839
-10.140655,5.229839
-10.140655,5.229839
-10.140655,5.229839
-10.14362,5.1716886
-10.14362,5.1716886
-10.14362,5.1716886
-10.14362,5.1716886
-10.14362,5.1716886
-10.14362,5.1716886
-10.14362,5.1716886
-10.14362,5.1716886
-10.147375,5.109827
-10.147375,5.109827
-10.147375,5.109827
-10.147375,5.109827
-10.147375,5.109827
-10.151907,5.044947
-10.151907,5.044947
-10.151907,5.044947
-10.151907,5.044947
-10.151907,5.044947
-10.151907,5.044947
-10.158291,4.9765906
-10.158291,4.9765906
-10.158291,4.9765906
-10.158291,4.9765906
-10.158291,4.9765906
-10.162968,4.902719
-10.162968,4.902719
-10.162968,4.902719
-10.162968,4.902719
-10.162968,4.902719
-10.162968,4.902719
-10.162968,4.902719
-10.169804,4.817817
-10.169804,4.817817
-10.169804,4.817817
-10.169804,4.817817
-10.178504,4.727968
-10.178504,4.727968
-10.178504,4.727968
-10.178504,4.727968
-10.178504,4.727968
-10.178504,4.727968
-10.188358,4.6335745
-10.188358,4.6335745
-10.188358,4.6335745
-10.188358,4.6335745
-10.188358,4.6335745
-10.188358,4.6335745
-10.188358,4.6335745
-10.198772,4.533546
-10.198772,4.533546
-10.198772,4.533546
-10.198772,4.533546
-10.198772,4.533546
-10.198772,4.533546
-10.207981,4.42857
-10.207981,4.42857
-10.207981,4.42857
-10.207981,4.42857
-10.216836,4.3192153
-10.216836,4.3192153
-10.216836,4.3192153
-10.216836,4.3192153
-10.216836,4.3192153
-10.216836,4.3192153
-10.216836,4.3192153
-10.224324,4.2053633
-10.224324,4.2053633
-10.224324,4.2053633
-10.224324,4.2053633
-10.224324,4.2053633
-10.224324,4.2053633
-10.230342,4.086769
-10.230342,4.086769
-10.230342,4.086769
-10.230342,4.086769
-10.230342,4.086769
-10.230342,4.086769
-10.232928,3.9613671
-10.232928,3.9613671
-10.232928,3.9613671
-10.232928,3.9613671
-10.232928,3.9613671
-10.238084,3.823094
-10.238084,3.823094
-10.238084,3.823094
-10.238084,3.823094
-10.238084,3.823094
-10.238084,3.823094
-10.243994,3.6807349
-10.243994,3.6807349
-10.243994,3.6807349
-10.243994,3.6807349
-10.243994,3.6807349
-10.243994,3.6807349
-10.249238,3.5345464
-10.249238,3.5345464
-10.249238,3.5345464
-10.249238,3.5345464
-10.249238,3.5345464
-10.249238,3.5345464
-10.256105,3.3822
-10.256105,3.3822
-10.256105,3.3822
-10.256105,3.3822
-10.256105,3.3822
-10.264217,3.2251234
-10.264217,3.2251234
-10.264217,3.2251234
-10.264217,3.2251234
-10.264217,3.2251234
-10.264217,3.2251234
-10.274328,3.0649228
-10.274328,3.0649228
-10.274328,3.0649228
-10.274328,3.0649228
-10.274328,3.0649228
-10.274328,3.0649228
-10.287535,2.901476
-10.287535,2.901476
-10.287535,2.901476
-10.287535,2.901476
-10.287535,2.901476
-10.287535,2.901476
-10.303096,2.7344968
-10.303096,2.7344968
-10.303096,2.7344968
-10.303096,2.7344968
-10.303096,2.7344968
-10.322703,2.5641117
-10.322703,2.5641117
-10.322703,2.5641117
-10.322703,2.5641117
-10.322703,2.5641117
-10.322703,2.5641117
-10.322703,2.5641117
-10.342023,2.3882892
-10.342023,2.3882892
-10.342023,2.3882892
-10.342023,2.3882892
-10.342023,2.3882892
-10.362831,2.2046728
-10.362831,2.2046728
-10.362831,2.2046728
-10.362831,2.2046728
-10.362831,2.2046728
-10.362831,2.2046728
-10.387021,2.0157275
-10.387021,2.0157275
-10.387021,2.0157275
-10.387021,2.0157275
-10.387021,2.0157275
-10.412974,1.8202766
-10.412974,1.8202766
-10.412974,1.8202766
-10.412974,1.8202766
-10.412974,1.8202766
-10.412974,1.8202766
-10.412974,1.8202766
-10.438562,1.6175035
-10.438562,1.6175035
-10.438562,1.6175035
-10.438562,1.6175035
-10.438562,1.6175035
-10.438562,1.6175035
-10.460559,1.4103962
-10.460559,1.4103962
-10.460559,1.4103962
-10.460559,1.4103962
-10.480336,1.2005574
-10.480336,1.2005574
-10.480336,1.2005574
-10.480336,1.2005574
-10.480336,1.2005574
-10.480336,1.2005574
-10.4962015,0.9881839
-10.4962015,0.9881839
-10.4962015,0.9881839
-10.4962015,0.9881839
-10.4962015,0.9881839
-10.4962015,0.9881839
-10.504417,0.77310497
-10.504417,0.77310497
-10.504417,0.77310497
-10.504417,0.77310497
-10.504417,0.77310497
-10.504417,0.77310497
-10.504417,0.77310497
-10.503356,0.55316937
-10.503356,0.55316937
-10.503356,0.55316937
-10.503356,0.55316937
-10.503155,0.3202812
-10.503155,0.3202812
-10.503155,0.3202812
-10.503155,0.3202812
-10.503155,0.3202812
-10.503155,0.3202812
-10.502187,0.07731186
-10.502187,0.07731186
-10.502187,0.07731186
-10.502187,0.07731186
-10.502187,0.07731186
-10.502187,0.07731186
-10.497774,-0.17262572
-10.497774,-0.17262572
-10.497774,-0.17262572
-10.497774,-0.17262572
-10.497774,-0.17262572
-10.497774,-0.17262572
-10.497774,-0.17262572
-10.490745,-0.4291078
-10.490745,-0.4291078
-10.490745,-0.4291078
-10.490745,-0.4291078
-10.490745,-0.4291078
-10.484316,-0.6919898
-10.484316,-0.6919898
-10.484316,-0.6919898
-10.484316,-0.6919898
-10.484316,-0.6919898
-10.481888,-0.9621824
-10.481888,-0.9621824
-10.481888,-0.9621824
-10.481888,-0.9621824
-10.481888,-0.9621824
-10.481888,-0.9621824
-10.482523,-1.2387854
-10.482523,-1.2387854
-10.482523,-1.2387854
-10.482523,-1.2387854
-10.482523,-1.2387854
-10.482523,-1.2387854
-10.482523,-1.2387854
-10.486973,-1.5197202
-10.486973,-1.5197202
-10.486973,-1.5197202
-10.486973,-1.5197202
-10.486973,-1.5197202
-10.486973,-1.5197202
-10.493971,-1.8052171
-10.493971,-1.8052171
-10.493971,-1.8052171
-10.493971,-1.8052171
-10.50078,-2.0931246
-10.50078,-2.0931246
-10.50078,-2.0931246
-10.50078,-2.0931246
-10.50078,-2.0931246
-10.50078,-2.0931246
-10.504779,-2.384163
-10.504779,-2.384163
-10.504779,-2.384163
-10.504779,-2.384163
-10.504779,-2.384163
-10.504779,-2.384163
-10.504779,-2.384163
-10.505998,-2.6772273
-10.505998,-2.6772273
-10.505998,-2.6772273
-10.505998,-2.6772273
-10.505998,-2.6772273
-10.504091,-2.973068
-10.504091,-2.973068
-10.504091,-2.973068
-10.504091,-2.973068
-10.504091,-2.973068
-10.499714,-3.2702498
-10.499714,-3.2702498
-10.499714,-3.2702498
-10.499714,-3.2702498
-10.499714,-3.2702498
-10.499714,-3.2702498
-10.499714,-3.2702498
-10.494934,-3.5688243
-10.494934,-3.5688243
-10.494934,-3.5688243
-10.494934,-3.5688243
-10.494934,-3.5688243
-10.490094,-3.869492
-10.490094,-3.869492
-10.490094,-3.869492
-10.490094,-3.869492
-10.490094,-3.869492
-10.490094,-3.869492
-10.490094,-3.869492
-10.486359,-4.171099
-10.486359,-4.171099
-10.486359,-4.171099
-10.486359,-4.171099
-10.486359,-4.171099
-10.486359,-4.171099
-10.480938,-4.4733725
-10.480938,-4.4733725
-10.480938,-4.4733725
-10.480938,-4.4733725
-10.480938,-4.4733725
-10.480938,-4.4733725
-10.480938,-4.4733725
-10.480938,-4.4733725
-10.480938,-4.4733725
-10.480938,-4.4733725
-10.480938,-4.4733725
-10.480938,-4.4733725
-10.480938,-4.4733725
-10.480938,-4.4733725
-10.480938,-4.4733725
-10.480938,-4.4733725
-10.480938,-4.4733725
-10.480938,-4.4733725
-10.480938,-4.4733725
-10.480938,-4.4733725
-10.480938,-4.4733725
-10.480938,-4.4733725
-10.480938,-4.4733725
-10.480938,-4.4733725
-10.480938,-4.4733725
-10.480938,-4.4733725
-10.480938,-4.4733725
-10.48037,-4.4767113
-10.48037,-4.4767113
-10.48037,-4.4767113
-10.48037,-4.4767113
-10.48037,-4.4767113
-10.48037,-4.4767113
-10.48037,-4.4767113
-10.478829,-4.4837675
-10.478829,-4.4837675
-10.478829,-4.4837675
-10.478829,-4.4837675
-10.478829,-4.4837675
-10.478829,-4.4837675
-10.476118,-4.4931035
-10.476118,-4.4931035
-10.476118,-4.4931035
-10.476118,-4.4931035
-10.476118,-4.4931035
-10.476118,-4.4931035
-10.472168,-4.5045357
-10.472168,-4.5045357
-10.472168,-4.5045357
-10.472168,-4.5045357
-10.472168,-4.5045357
-10.46651,-4.518419
-10.46651,-4.518419
-10.46651,-4.518419
-10.46651,-4.518419
-10.46651,-4.518419
-10.46651,-4.518419
-10.458145,-4.535164
-10.458145,-4.535164
-10.458145,-4.535164
-10.458145,-4.535164
-10.458145,-4.535164
-10.458145,-4.535164
-10.458145,-4.535164
-10.458145,-4.535164
-10.458145,-4.535164
-10.458145,-4.535164
-10.458145,-4.535164
-10.458145,-4.535164
-10.458145,-4.535164
-10.458145,-4.535164
-10.458145,-4.535164
-10.458145,-4.535164
-10.458145,-4.535164
-10.458145,-4.535164
-10.458145,-4.535164
-10.458145,-4.535164
-10.458145,-4.535164
-10.458145,-4.535164
-10.458145,-4.535164
-10.458145,-4.535164
-10.458145,-4.535164
-10.458145,-4.535164
-10.458145,-4.535164
-10.458145,-4.535164
-10.458145,-4.535164
-10.458145,-4.535164
-10.458145,-4.535164
-10.458145,-4.535164
-10.458145,-4.535164
-10.458145,-4.535164
-10.458145,-4.535164
-10.458145,-4.535164
-10.458145,-4.535164
-10.458145,-4.535164
-10.458145,-4.535164
-10.458145,-4.535164
-10.458145,-4.535164
-10.458145,-4.535164
-10.458145,-4.535164
-10.458145,-4.535164
-10.458145,-4.535164
-10.458145,-4.535164
-10.458145,-4.535164
-10.458145,-4.535164
-10.458145,-4.535164
-10.458145,-4.535164
-10.458145,-4.535164
-10.458145,-4.535164
-10.458145,-4.535164
-10.458145,-4.535164
-10.458145,-4.535164
-10.458145,-4.535164
-10.458145,-4.535164
-10.458145,-4.535164
-10.458145,-4.535164
-10.458145,-4.535164
-10.458145,-4.535164
-10.458145,-4.535164
-10.458145,-4.535164
-10.458145,-4.535164
-10.458145,-4.535164
-10.458145,-4.535164
-10.458145,-4.535164
-10.458145,-4.535164
-10.458145,-4.535164
-10.458145,-4.535164
-10.458145,-4.535164
-10.458145,-4.535164
-10.458145,-4.535164
-10.458145,-4.535164
-10.458145,-4.535164
-10.458145,-4.535164
-10.458145,-4.535164
-10.458145,-4.535164
-10.458145,-4.535164
-10.458145,-4.535164
-10.458145,-4.535164
-10.458145,-4.535164
-10.458145,-4.535164
-10.458145,-4.535164
-10.458145,-4.535164
-10.458145,-4.535164
-10.458145,-4.535164
-10.458145,-4.535164
-10.458145,-4.535164
-10.458145,-4.535164
-10.458145,-4.535164
-10.458145,-4.535164
-10.458145,-4.535164
-10.458145,-4.535164
-10.458145,-4.535164
-10.458145,-4.535164
-10.458145,-4.535164
-10.458145,-4.535164
-10.458145,-4.535164
-10.458145,-4.535164
-10.458145,-4.535164
-10.458145,-4.535164
-10.458145,-4.535164
-10.458145,-4.535164
-10.458145,-4.535164
-10.458145,-4.535164
-10.458145,-4.535164
-10.458145,-4.535164
-10.458145,-4.535164
-10.458145,-4.535164
-10.458145,-4.535164
-10.458145,-4.535164
-10.458145,-4.535164
-10.458145,-4.535164
-10.458145,-4.535164
-10.458145,-4.535164
-10.458145,-4.535164
-10.458145,-4.535164
-10.458145,-4.535164
-10.458145,-4.535164
-10.458145,-4.535164
-10.458145,-4.535164
-10.458145,-4.535164
-10.458145,-4.535164
-10.458145,-4.535164
-10.458145,-4.535164
-10.456512,-4.535134
-10.456512,-4.535134
-10.456512,-4.535134
-10.456512,-4.535134
-10.456512,-4.535134
-10.456512,-4.535134
-10.456512,-4.535134
-10.453593,-4.535111
-10.453593,-4.535111
-10.453593,-4.535111
-10.453593,-4.535111
-10.453593,-4.535111
-10.448465,-4.535119
-10.448465,-4.535119
-10.448465,-4.535119
-10.448465,-4.535119
-10.448465,-4.535119
-10.448465,-4.535119
-10.448465,-4.535119
-10.448465,-4.535119
-10.448465,-4.535119
-10.448465,-4.535119
-10.448465,-4.535119
-10.448465,-4.535119
-10.448465,-4.535119
-10.448465,-4.535119
-10.448465,-4.535119
-10.448465,-4.535119
-10.448465,-4.535119
-10.448465,-4.535119
-10.448465,-4.535119
-10.448465,-4.535119
-10.448465,-4.535119
-10.448465,-4.535119
-10.448465,-4.535119
-10.448465,-4.535119
-10.448465,-4.535119
-10.448465,-4.535119
-10.448465,-4.535119
-10.448465,-4.535119
-10.448465,-4.535119
-10.448465,-4.535119
-10.448465,-4.535119
-10.448465,-4.535119
-10.448465,-4.535119
-10.448465,-4.535119
-10.448465,-4.535119
-10.448465,-4.535119
-10.448465,-4.535119
-10.448465,-4.535119
-10.448465,-4.535119
-10.448465,-4.535119
-10.448465,-4.535119
-10.448465,-4.535119
-10.448465,-4.535119
-10.448465,-4.535119
-10.448465,-4.535119
-10.448465,-4.535119
-10.448465,-4.535119
-10.448465,-4.535119
-10.448465,-4.535119
-10.448465,-4.535119
-10.448465,-4.535119
-10.448465,-4.535119
-10.448465,-4.535119
-10.448465,-4.535119
-10.448465,-4.535119
-10.448465,-4.535119
-10.448465,-4.535119
-10.448465,-4.535119
-10.448465,-4.535119
-10.448465,-4.535119
-10.448465,-4.535119
-10.448465,-4.535119
-10.448465,-4.535119
-10.448465,-4.535119
-10.448465,-4.535119
-10.448465,-4.535119
-10.448465,-4.535119
-10.448465,-4.535119
-10.448465,-4.535119
-10.448465,-4.535119
-10.448465,-4.535119
-10.448465,-4.535119
-10.448465,-4.535119
-10.448465,-4.535119
-10.448465,-4.535119
-10.448465,-4.535119
-10.448465,-4.535119
-10.448465,-4.535119
-10.448465,-4.535119
-10.448465,-4.535119
-10.448465,-4.535119
-10.448465,-4.535119
-10.448465,-4.535119
-10.448465,-4.535119
-10.448465,-4.535119
-10.448465,-4.535119
-10.448465,-4.535119
-10.446939,-4.535065
-10.446939,-4.535065
-10.446939,-4.535065
-10.446939,-4.535065
-10.446939,-4.535065
-10.446939,-4.535065
-10.439732,-4.534859
-10.439732,-4.534859
-10.439732,-4.534859
-10.439732,-4.534859
-10.439732,-4.534859
-10.4238615,-4.534473
-10.4238615,-4.534473
-10.4238615,-4.534473
-10.4238615,-4.534473
-10.4238615,-4.534473
-10.401665,-4.534304
-10.401665,-4.534304
-10.401665,-4.534304
-10.401665,-4.534304
-10.401665,-4.534304
-10.401665,-4.534304
-10.401665,-4.534304
-10.373307,-4.534656
-10.373307,-4.534656
-10.373307,-4.534656
-10.373307,-4.534656
-10.373307,-4.534656
-10.373307,-4.534656
-10.33576,-4.5361443
-10.33576,-4.5361443
-10.33576,-4.5361443
-10.33576,-4.5361443
-10.33576,-4.5361443
-10.289844,-4.538107
-10.289844,-4.538107
-10.289844,-4.538107
-10.289844,-4.538107
-10.289844,-4.538107
-10.236822,-4.5422635
-10.236822,-4.5422635
-10.236822,-4.5422635
-10.236822,-4.5422635
-10.236822,-4.5422635
-10.236822,-4.5422635
-10.181169,-4.5479007
-10.181169,-4.5479007
-10.181169,-4.5479007
-10.181169,-4.5479007
-10.181169,-4.5479007
-10.121358,-4.553349
-10.121358,-4.553349
-10.121358,-4.553349
-10.121358,-4.553349
-10.121358,-4.553349
-10.121358,-4.553349
-10.058039,-4.558233
-10.058039,-4.558233
-10.058039,-4.558233
-10.058039,-4.558233
-10.058039,-4.558233
-10.058039,-4.558233
-9.990018,-4.5621333
-9.990018,-4.5621333
-9.990018,-4.5621333
-9.990018,-4.5621333
-9.990018,-4.5621333
-9.990018,-4.5621333
-9.916878,-4.565084
-9.916878,-4.565084
-9.916878,-4.565084
-9.916878,-4.565084
-9.916878,-4.565084
-9.837429,-4.5665054
-9.837429,-4.5665054
-9.837429,-4.5665054
-9.837429,-4.5665054
-9.837429,-4.5665054
-9.837429,-4.5665054
-9.753,-4.5666914
-9.753,-4.5666914
-9.753,-4.5666914
-9.753,-4.5666914
-9.753,-4.5666914
-9.753,-4.5666914
-9.661597,-4.5643506
-9.661597,-4.5643506
-9.661597,-4.5643506
-9.661597,-4.5643506
-9.661597,-4.5643506
-9.559772,-4.5626864
-9.559772,-4.5626864
-9.559772,-4.5626864
-9.559772,-4.5626864
-9.559772,-4.5626864
-9.559772,-4.5626864
-9.454545,-4.561665
-9.454545,-4.561665
-9.454545,-4.561665
-9.454545,-4.561665
-9.454545,-4.561665
-9.454545,-4.561665
-9.344707,-4.560705
-9.344707,-4.560705
-9.344707,-4.560705
-9.344707,-4.560705
-9.344707,-4.560705
-9.228262,-4.559764
-9.228262,-4.559764
-9.228262,-4.559764
-9.228262,-4.559764
-9.228262,-4.559764
-9.228262,-4.559764
-9.107527,-4.5603952
-9.107527,-4.5603952
-9.107527,-4.5603952
-9.107527,-4.5603952
-9.107527,-4.5603952
-9.107527,-4.5603952
-8.983147,-4.563767
-8.983147,-4.563767
-8.983147,-4.563767
-8.983147,-4.563767
-8.983147,-4.563767
-8.983147,-4.563767
-8.855764,-4.57089
-8.855764,-4.57089
-8.855764,-4.57089
-8.855764,-4.57089
-8.855764,-4.57089
-8.723844,-4.578409
-8.723844,-4.578409
-8.723844,-4.578409
-8.723844,-4.578409
-8.723844,-4.578409
-8.723844,-4.578409
-8.578582,-4.5872364
-8.578582,-4.5872364
-8.578582,-4.5872364
-8.578582,-4.5872364
-8.578582,-4.5872364
-8.578582,-4.5872364
-8.428658,-4.602022
-8.428658,-4.602022
-8.428658,-4.602022
-8.428658,-4.602022
-8.428658,-4.602022
-8.428658,-4.602022
-8.274828,-4.6199346
-8.274828,-4.6199346
-8.274828,-4.6199346
-8.274828,-4.6199346
-8.274828,-4.6199346
-8.117329,-4.639177
-8.117329,-4.639177
-8.117329,-4.639177
-8.117329,-4.639177
-8.117329,-4.639177
-8.117329,-4.639177
-7.953738,-4.656657
-7.953738,-4.656657
-7.953738,-4.656657
-7.953738,-4.656657
-7.953738,-4.656657
-7.953738,-4.656657
-7.953738,-4.656657
-7.7848396,-4.673423
-7.7848396,-4.673423
-7.7848396,-4.673423
-7.7848396,-4.673423
-7.6135902,-4.6886263
-7.6135902,-4.6886263
-7.6135902,-4.6886263
-7.6135902,-4.6886263
-7.6135902,-4.6886263
-7.6135902,-4.6886263
-7.436788,-4.700071
-7.436788,-4.700071
-7.436788,-4.700071
-7.436788,-4.700071
-7.436788,-4.700071
-7.436788,-4.700071
-7.2535386,-4.7082095
-7.2535386,-4.7082095
-7.2535386,-4.7082095
-7.2535386,-4.7082095
-7.2535386,-4.7082095
-7.2535386,-4.7082095
-7.062309,-4.7156
-7.062309,-4.7156
-7.062309,-4.7156
-7.062309,-4.7156
-7.062309,-4.7156
-6.865871,-4.718517
-6.865871,-4.718517
-6.865871,-4.718517
-6.865871,-4.718517
-6.865871,-4.718517
-6.865871,-4.718517
-6.865871,-4.718517
-6.665384,-4.717905
-6.665384,-4.717905
-6.665384,-4.717905
-6.665384,-4.717905
-6.665384,-4.717905
-6.665384,-4.717905
-6.4577737,-4.7141643
-6.4577737,-4.7141643
-6.4577737,-4.7141643
-6.4577737,-4.7141643
-6.4577737,-4.7141643
-6.4577737,-4.7141643
-6.243915,-4.7093368
-6.243915,-4.7093368
-6.243915,-4.7093368
-6.243915,-4.7093368
-6.0262094,-4.705668
-6.0262094,-4.705668
-6.0262094,-4.705668
-6.0262094,-4.705668
-6.0262094,-4.705668
-6.0262094,-4.705668
-5.805848,-4.7068386
-5.805848,-4.7068386
-5.805848,-4.7068386
-5.805848,-4.7068386
-5.805848,-4.7068386
-5.805848,-4.7068386
-5.805848,-4.7068386
-5.58252,-4.7159677
-5.58252,-4.7159677
-5.58252,-4.7159677
-5.58252,-4.7159677
-5.35445,-4.7263236
-5.35445,-4.7263236
-5.35445,-4.7263236
-5.35445,-4.7263236
-5.35445,-4.7263236
-5.35445,-4.7263236
-5.1188297,-4.7421207
-5.1188297,-4.7421207
-5.1188297,-4.7421207
-5.1188297,-4.7421207
-5.1188297,-4.7421207
-5.1188297,-4.7421207
-5.1188297,-4.7421207
-5.1188297,-4.7421207
-5.1188297,-4.7421207
-5.1188297,-4.7421207
-5.1188297,-4.7421207
-5.1188297,-4.7421207
-5.1188297,-4.7421207
-5.1188297,-4.7421207
-5.1188297,-4.7421207
-5.1188297,-4.7421207
-5.1188297,-4.7421207
-5.1188297,-4.7421207
-5.1188297,-4.7421207
-5.1188297,-4.7421207
-5.1188297,-4.7421207
-5.1188297,-4.7421207
-5.1188297,-4.7421207
-5.1188297,-4.7421207
-5.1166415,-4.7423215
-5.1166415,-4.7423215
-5.1166415,-4.7423215
-5.1166415,-4.7423215
-5.1166415,-4.7423215
-5.1166415,-4.7423215
-5.1100335,-4.742893
-5.1100335,-4.742893
-5.1100335,-4.742893
-5.1100335,-4.742893
-5.1100335,-4.742893
-5.1100335,-4.742893
-5.1003685,-4.743601
-5.1003685,-4.743601
-5.1003685,-4.743601
-5.1003685,-4.743601
-5.1003685,-4.743601
-5.1003685,-4.743601
-5.0855703,-4.74444
-5.0855703,-4.74444
-5.0855703,-4.74444
-5.0855703,-4.74444
-5.0855703,-4.74444
-5.0659733,-4.7450137
-5.0659733,-4.7450137
-5.0659733,-4.7450137
-5.0659733,-4.7450137
-5.0659733,-4.7450137
-5.0659733,-4.7450137
-5.0374117,-4.7454567
-5.0374117,-4.7454567
-5.0374117,-4.7454567
-5.0374117,-4.7454567
-5.0374117,-4.7454567
-5.0374117,-4.7454567
-5.002906,-4.7459593
-5.002906,-4.7459593
-5.002906,-4.7459593
-5.002906,-4.7459593
-5.002906,-4.7459593
-4.964153,-4.746742
-4.964153,-4.746742
-4.964153,-4.746742
-4.964153,-4.746742
-4.964153,-4.746742
-4.964153,-4.746742
-4.919994,-4.7479153
-4.919994,-4.7479153
-4.919994,-4.7479153
-4.919994,-4.7479153
-4.919994,-4.7479153
-4.919994,-4.7479153
-4.871474,-4.7496934
-4.871474,-4.7496934
-4.871474,-4.7496934
-4.871474,-4.7496934
-4.871474,-4.7496934
-4.871474,-4.7496934
-4.8188343,-4.7532864
-4.8188343,-4.7532864
-4.8188343,-4.7532864
-4.8188343,-4.7532864
-4.8188343,-4.7532864
-4.8188343,-4.7532864
-4.7634463,-4.7583365
-4.7634463,-4.7583365
-4.7634463,-4.7583365
-4.7634463,-4.7583365
-4.7634463,-4.7583365
-4.7053947,-4.764517
-4.7053947,-4.764517
-4.7053947,-4.764517
-4.7053947,-4.764517
-4.7053947,-4.764517
-4.7053947,-4.764517
-4.643342,-4.771544
-4.643342,-4.771544
-4.643342,-4.771544
-4.643342,-4.771544
-4.643342,-4.771544
-4.643342,-4.771544
-4.5704694,-4.780816
-4.5704694,-4.780816
-4.5704694,-4.780816
-4.5704694,-4.780816
-4.5704694,-4.780816
-4.4883475,-4.793567
-4.4883475,-4.793567
-4.4883475,-4.793567
-4.4883475,-4.793567
-4.4883475,-4.793567
-4.4883475,-4.793567
-4.398605,-4.8086715
-4.398605,-4.8086715
-4.398605,-4.8086715
-4.398605,-4.8086715
-4.398605,-4.8086715
-4.398605,-4.8086715
-4.301953,-4.8240256
-4.301953,-4.8240256
-4.301953,-4.8240256
-4.301953,-4.8240256
-4.301953,-4.8240256
-4.196314,-4.840349
-4.196314,-4.840349
-4.196314,-4.840349
-4.196314,-4.840349
-4.196314,-4.840349
-4.196314,-4.840349
-4.084079,-4.857258
-4.084079,-4.857258
-4.084079,-4.857258
-4.084079,-4.857258
-4.084079,-4.857258
-4.084079,-4.857258
-3.9651704,-4.874059
-3.9651704,-4.874059
-3.9651704,-4.874059
-3.9651704,-4.874059
-3.9651704,-4.874059
-3.9651704,-4.874059
-3.8401647,-4.8885255
-3.8401647,-4.8885255
-3.8401647,-4.8885255
-3.8401647,-4.8885255
-3.8401647,-4.8885255
-3.8401647,-4.8885255
-3.710428,-4.901026
-3.710428,-4.901026
-3.710428,-4.901026
-3.710428,-4.901026
-3.710428,-4.901026
-3.5758233,-4.9126215
-3.5758233,-4.9126215
-3.5758233,-4.9126215
-3.5758233,-4.9126215
-3.5758233,-4.9126215
-3.5758233,-4.9126215
-3.4378772,-4.923352
-3.4378772,-4.923352
-3.4378772,-4.923352
-3.4378772,-4.923352
-3.4378772,-4.923352
-3.4378772,-4.923352
-3.2967675,-4.932909
-3.2967675,-4.932909
-3.2967675,-4.932909
-3.2967675,-4.932909
-3.2967675,-4.932909
-3.2967675,-4.932909
-3.1530683,-4.942824
-3.1530683,-4.942824
-3.1530683,-4.942824
-3.1530683,-4.942824
-3.1530683,-4.942824
-3.1530683,-4.942824
-3.0070271,-4.9527407
-3.0070271,-4.9527407
-3.0070271,-4.9527407
-3.0070271,-4.9527407
-3.0070271,-4.9527407
-2.8593361,-4.9641356
-2.8593361,-4.9641356
-2.8593361,-4.9641356
-2.8593361,-4.9641356
-2.8593361,-4.9641356
-2.8593361,-4.9641356
-2.7095559,-4.9746413
-2.7095559,-4.9746413
-2.7095559,-4.9746413
-2.7095559,-4.9746413
-2.7095559,-4.9746413
-2.5583634,-4.9871354
-2.5583634,-4.9871354
-2.5583634,-4.9871354
-2.5583634,-4.9871354
-2.5583634,-4.9871354
-2.5583634,-4.9871354
-2.5583634,-4.9871354
-2.5583634,-4.9871354
-2.5583634,-4.9871354
-2.5583634,-4.9871354
-2.5583634,-4.9871354
-2.5583634,-4.9871354
-2.5583634,-4.9871354
-2.5583634,-4.9871354
-2.5583634,-4.9871354
-2.5583634,-4.9871354
-2.5583634,-4.9871354
-2.5583634,-4.9871354
-2.5583634,-4.9871354
-2.5583634,-4.9871354
-2.5583634,-4.9871354
-2.5583634,-4.9871354
-2.5583634,-4.9871354
-2.5583634,-4.9871354
-2.5583634,-4.9871354
-2.5583634,-4.9871354
-2.5583634,-4.9871354
-2.5583634,-4.9871354
-2.5583634,-4.9871354
-2.5583634,-4.9871354
-2.5583634,-4.9871354
-2.5583634,-4.9871354
-2.5583634,-4.9871354
-2.5583634,-4.9871354
-2.5583634,-4.9871354
-2.5583634,-4.9871354
-2.5583634,-4.9871354
-2.5583634,-4.9871354
-2.5583634,-4.9871354
-2.5583634,-4.9871354
-2.5583634,-4.9871354
-2.5583634,-4.9871354
-2.5583634,-4.9871354
-2.5583634,-4.9871354
