accX,accY,accZ,angleX,angleY,angleZ,label
-0.0611639,0.03201268,0.1312418,0.0012980887,-2.2907447E-4,-6.1086525E-4,stop
0.012477152,-0.048364893,0.12637806,-0.0023671028,-2.2907447E-4,-6.1086525E-4,stop
-0.002374202,0.01467976,0.056962013,7.6358156E-5,3.8179077E-4,-0.0,stop
-0.017130196,0.010051146,0.016267776,-5.345071E-4,3.8179077E-4,-0.0012217305,stop
-0.017130196,0.010051146,0.016267776,-5.345071E-4,3.8179077E-4,-0.0012217305,stop
-0.023382843,0.001968801,0.068917274,-0.0011453723,-2.2907447E-4,-0.0012217305,stop
-0.023382843,0.001968801,0.068917274,-0.0011453723,-2.2907447E-4,-0.0012217305,stop
0.021092325,0.0105454475,0.032975197,-0.0011453723,0.0016035213,-0.0,stop
0.021092325,0.0105454475,0.032975197,-0.0011453723,0.0016035213,-0.0,stop
0.030407019,-0.00910759,0.040153503,6.872234E-4,3.8179077E-4,-6.1086525E-4,stop
0.030407019,-0.00910759,0.040153503,6.872234E-4,3.8179077E-4,-6.1086525E-4,stop
0.030407019,-0.00910759,0.040153503,6.872234E-4,3.8179077E-4,-6.1086525E-4,stop
0.016968511,0.009371385,0.042552948,6.872234E-4,9.92656E-4,-0.0,stop
0.016968511,0.009371385,0.042552948,6.872234E-4,9.92656E-4,-0.0,stop
-0.022269554,0.013136774,0.023394585,-0.0011453723,3.8179077E-4,-6.1086525E-4,stop
-0.022269554,0.013136774,0.023394585,-0.0011453723,3.8179077E-4,-6.1086525E-4,stop
0.011233248,0.016917989,0.052110672,-0.0011453723,3.8179077E-4,-6.1086525E-4,stop
0.011233248,0.016917989,0.052110672,-0.0017562376,3.8179077E-4,-6.1086525E-4,stop
0.011233248,0.016917989,0.052110672,-0.0017562376,3.8179077E-4,-6.1086525E-4,stop
0.027601816,0.016086698,0.040132523,-5.345071E-4,0.0022143866,6.1086525E-4,stop
0.027601816,0.016086698,0.040132523,-5.345071E-4,0.0022143866,6.1086525E-4,stop
-0.0022301003,-0.0061245263,0.020981789,7.6358156E-5,-2.2907447E-4,0.0018325958,stop
-0.0022301003,-0.0061245263,0.020981789,7.6358156E-5,-2.2907447E-4,0.0018325958,stop
-0.0022301003,-0.0061245263,0.020981789,7.6358156E-5,-2.2907447E-4,0.0018325958,stop
-0.023938641,0.015593395,0.15266609,6.872234E-4,-8.399397E-4,-6.1086525E-4,stop
-0.023938641,0.015593395,0.15266609,6.872234E-4,-8.399397E-4,-6.1086525E-4,stop
0.0032561496,-0.009353474,0.12870121,6.872234E-4,0.0022143866,-0.0012217305,stop
0.0032561496,-0.009353474,0.12870121,6.872234E-4,0.0022143866,-0.0012217305,stop
0.027691506,1.9575655E-4,0.06884098,6.872234E-4,0.0022143866,-0.0012217305,stop
0.027691506,1.9575655E-4,0.06884098,-5.345071E-4,3.8179077E-4,-0.0,stop
0.027691506,1.9575655E-4,0.06884098,-5.345071E-4,3.8179077E-4,-0.0,stop
0.01034981,0.0077336878,0.023361206,7.6358156E-5,3.8179077E-4,-6.1086525E-4,stop
0.01034981,0.0077336878,0.023361206,7.6358156E-5,3.8179077E-4,-6.1086525E-4,stop
-0.03570658,0.005401388,0.19814587,7.6358156E-5,3.8179077E-4,-6.1086525E-4,stop
-0.03570658,0.005401388,0.19814587,7.6358156E-5,-2.2907447E-4,-6.1086525E-4,stop
-0.03570658,0.005401388,0.19814587,7.6358156E-5,-2.2907447E-4,-6.1086525E-4,stop
0.01337415,-0.0024917424,0.23164177,-0.0023671028,-0.0026725354,-6.1086525E-4,stop
0.01337415,-0.0024917424,0.23164177,-0.0023671028,-0.0026725354,-6.1086525E-4,stop
0.039841317,0.014260575,0.08559418,-0.0017562376,-0.001450805,-0.0,stop
0.039841317,0.014260575,0.08559418,-0.0017562376,-0.001450805,-0.0,stop
0.004633628,0.0044883788,0.06406212,-0.0017562376,-0.001450805,-0.0,stop
0.004633628,0.0044883788,0.06406212,7.6358156E-5,-2.2907447E-4,-6.1086525E-4,stop
0.004633628,0.0044883788,0.06406212,7.6358156E-5,-2.2907447E-4,-6.1086525E-4,stop
-0.032351702,-0.017492041,0.06646061,7.6358156E-5,-2.2907447E-4,-0.0,stop
-0.032351702,-0.017492041,0.06646061,7.6358156E-5,-2.2907447E-4,-0.0,stop
-0.05394809,0.0016377568,0.1095562,-5.345071E-4,-8.399397E-4,-0.0,stop
-0.05394809,0.0016377568,0.1095562,-5.345071E-4,-8.399397E-4,-0.0,stop
0.059281148,0.03788171,0.11194801,7.6358156E-5,-0.001450805,-0.0,stop
0.059281148,0.03788171,0.11194801,7.6358156E-5,-0.001450805,-0.0,stop
-0.015837133,-0.001298666,0.09518623,6.872234E-4,0.0022143866,-6.1086525E-4,stop
-0.015837133,-0.001298666,0.09518623,6.872234E-4,0.0022143866,-6.1086525E-4,stop
0.007462576,-0.023907244,-0.012559891,-5.345071E-4,-0.001450805,-6.1086525E-4,stop
0.007462576,-0.023907244,-0.012559891,-5.345071E-4,-0.001450805,-6.1086525E-4,stop
0.025054455,0.019179977,0.02336979,-0.0011453723,-2.2907447E-4,-6.1086525E-4,stop
0.025054455,0.019179977,0.02336979,-0.0011453723,-2.2907447E-4,-6.1086525E-4,stop
0.007376142,-0.007402584,0.21970177,6.872234E-4,3.8179077E-4,-6.1086525E-4,stop
0.007376142,-0.007402584,0.21970177,6.872234E-4,3.8179077E-4,-6.1086525E-4,stop
-0.0114565715,-0.012197971,0.042526245,-0.0011453723,9.92656E-4,-0.0012217305,stop
-0.0114565715,-0.012197971,0.042526245,-0.0011453723,9.92656E-4,-0.0012217305,stop
0.1258192,-0.13346888,1.134285,0.00496328,-0.0032834008,-0.0,stop
0.1258192,-0.13346888,1.134285,0.00496328,-0.0032834008,-0.0,stop
0.04977552,-0.05298139,0.056962013,0.00496328,0.014431692,6.1086525E-4,stop
0.04977552,-0.05298139,0.056962013,0.00496328,0.014431692,6.1086525E-4,stop
-0.011360601,0.019762836,-0.05308628,-5.345071E-4,-0.0026725354,-0.0,stop
-0.011360601,0.019762836,-0.05308628,-5.345071E-4,-0.0026725354,-0.0,stop
-0.015070945,0.01998844,-0.05303669,7.6358156E-5,-2.2907447E-4,-6.1086525E-4,stop
-0.015070945,0.01998844,-0.05303669,7.6358156E-5,-2.2907447E-4,-6.1086525E-4,stop
0.044055626,-0.01574625,0.10978031,-0.0017562376,-8.399397E-4,-6.1086525E-4,stop
0.044055626,-0.01574625,0.10978031,-0.0017562376,-8.399397E-4,-6.1086525E-4,stop
-0.03845074,0.03254822,0.037973404,6.872234E-4,3.8179077E-4,-6.1086525E-4,stop
-0.03845074,0.03254822,0.037973404,6.872234E-4,3.8179077E-4,-6.1086525E-4,stop
-0.03202816,-0.046716034,0.26779366,-0.0017562376,3.8179077E-4,-0.0012217305,stop
0.0021786243,1.603365E-5,0.13369656,-0.0017562376,3.8179077E-4,-0.0012217305,stop
0.0021786243,1.603365E-5,0.13369656,7.6358156E-5,-0.0032834008,-6.1086525E-4,stop
0.0021786243,1.603365E-5,0.13369656,7.6358156E-5,-0.0032834008,-6.1086525E-4,stop
0.005488731,0.021920212,-0.15361404,0.0019089539,0.0046578473,-6.1086525E-4,stop
0.005488731,0.021920212,-0.15361404,0.0019089539,0.0046578473,-6.1086525E-4,stop
-0.04418713,-0.0010354668,0.05704975,6.872234E-4,0.0046578473,-6.1086525E-4,stop
-0.04418713,-0.0010354668,0.05704975,6.872234E-4,0.0046578473,-6.1086525E-4,stop
-0.03621187,0.007888347,-0.005247116,7.6358156E-5,9.92656E-4,-0.0012217305,stop
-0.03621187,0.007888347,-0.005247116,7.6358156E-5,9.92656E-4,-0.0012217305,stop
4.1063875E-4,-0.014117137,0.119208336,-0.0011453723,-0.001450805,6.1086525E-4,stop
4.1063875E-4,-0.014117137,0.119208336,-0.0011453723,-0.001450805,6.1086525E-4,stop
0.0069831237,0.03346736,-0.002919197,7.6358156E-5,3.8179077E-4,-6.1086525E-4,stop
0.0069831237,0.03346736,-0.002919197,7.6358156E-5,3.8179077E-4,-6.1086525E-4,stop
-0.04937429,-0.015504926,0.018600464,-0.0011453723,-8.399397E-4,6.1086525E-4,stop
-0.04937429,-0.015504926,0.018600464,-0.0011453723,-8.399397E-4,6.1086525E-4,stop
0.02462507,0.03214311,0.10955334,7.6358156E-5,0.0016035213,-0.0012217305,stop
0.02462507,0.03214311,0.10955334,7.6358156E-5,0.0016035213,-0.0012217305,stop
-0.0030279756,-0.009533271,0.01615429,-5.345071E-4,9.92656E-4,-6.1086525E-4,stop
-0.0030279756,-0.009533271,0.01615429,-5.345071E-4,9.92656E-4,-6.1086525E-4,stop
-0.0029524416,0.016794793,0.104738235,-0.0011453723,3.8179077E-4,6.1086525E-4,stop
-0.0029524416,0.016794793,0.104738235,-0.0011453723,3.8179077E-4,6.1086525E-4,stop
0.011371285,-0.005108312,0.040091515,-5.345071E-4,9.92656E-4,-6.1086525E-4,stop
0.011371285,-0.005108312,0.040091515,-5.345071E-4,9.92656E-4,-6.1086525E-4,stop
0.011010744,0.0016154498,0.037693977,-5.345071E-4,-8.399397E-4,-0.0,stop
0.011010744,0.0016154498,0.037693977,7.6358156E-5,3.8179077E-4,-0.0018325958,stop
-0.004523024,-0.008212104,0.01854992,7.6358156E-5,3.8179077E-4,-0.0018325958,stop
-0.004523024,-0.008212104,0.01854992,7.6358156E-5,3.8179077E-4,-0.0018325958,stop
-8.3871186E-5,-0.010375172,0.037711143,-5.345071E-4,-2.2907447E-4,-0.0,stop
-8.3871186E-5,-0.010375172,0.037711143,-5.345071E-4,-2.2907447E-4,-0.0,stop
0.016344398,0.0120707005,0.049696922,7.6358156E-5,9.92656E-4,-0.0,stop
0.016344398,0.0120707005,0.049696922,7.6358156E-5,9.92656E-4,-0.0,stop
-0.010245502,-0.014048129,0.023366928,-0.0011453723,0.0016035213,-6.1086525E-4,stop
-0.010245502,-0.014048129,0.023366928,-0.0011453723,0.0016035213,-6.1086525E-4,stop
0.014288336,-0.0042539537,0.0664587,-5.345071E-4,-2.2907447E-4,-0.0,stop
0.014288336,-0.0042539537,0.0664587,-5.345071E-4,-2.2907447E-4,-0.0,stop
2.8992444E-4,0.005758509,0.011394501,-5.345071E-4,-2.2907447E-4,-0.0,stop
2.8992444E-4,0.005758509,0.011394501,-5.345071E-4,-2.2907447E-4,-0.0,stop
0.0074293464,-0.018030927,0.085617065,-0.0011453723,9.92656E-4,-0.0,stop
0.0074293464,-0.018030927,0.085617065,-0.0011453723,9.92656E-4,-0.0,stop
0.0053432286,-0.0030368716,0.040133476,-5.345071E-4,9.92656E-4,6.1086525E-4,stop
0.0053432286,-0.0030368716,0.040133476,-5.345071E-4,9.92656E-4,6.1086525E-4,stop
0.019777477,0.006583154,0.059286118,-5.345071E-4,9.92656E-4,6.1086525E-4,stop
0.019777477,0.006583154,0.059286118,-5.345071E-4,9.92656E-4,6.1086525E-4,stop
-0.008884296,0.001837492,0.035344124,-0.0011453723,9.92656E-4,-0.0,stop
-0.008884296,0.001837492,0.035344124,-0.0011453723,9.92656E-4,-0.0,stop
-0.011253752,-0.0075725913,0.04971218,-5.345071E-4,-2.2907447E-4,-0.0,stop
-0.011253752,-0.0075725913,0.04971218,-5.345071E-4,-2.2907447E-4,-0.0,stop
0.005676776,0.0040958375,0.052099228,6.872234E-4,-2.2907447E-4,-0.0,stop
0.005676776,0.0040958375,0.052099228,6.872234E-4,-2.2907447E-4,-0.0,stop
-0.011061609,-0.09210184,0.12152481,0.0031306844,-0.005726862,-0.0012217305,stop
-0.011061609,-0.09210184,0.12152481,0.0031306844,-0.005726862,-0.0012217305,stop
-0.002518244,-0.024558827,0.17658424,7.6358156E-5,0.010155635,6.1086525E-4,stop
-0.002518244,-0.024558827,0.17658424,7.6358156E-5,0.010155635,6.1086525E-4,stop
0.09489986,-0.029585063,0.30344868,0.0031306844,0.0046578473,-0.0018325958,stop
0.09489986,-0.029585063,0.30344868,0.0031306844,0.0046578473,-0.0018325958,stop
0.060257368,0.09240724,0.09519005,7.6358156E-5,0.0016035213,-0.0,stop
0.060257368,0.09240724,0.09519005,7.6358156E-5,0.0016035213,-0.0,stop
-0.07062048,-0.094544575,0.0114040375,-0.0023671028,-8.399397E-4,-0.0,stop
-0.07062048,-0.094544575,0.0114040375,-0.0023671028,-8.399397E-4,-0.0,stop
0.03892006,0.09325332,0.114375114,0.0012980887,0.0016035213,-0.0018325958,stop
0.03892006,0.09325332,0.114375114,0.0012980887,0.0016035213,-0.0018325958,stop
-0.05701192,-0.09490593,-0.024505615,-0.002977968,9.92656E-4,6.1086525E-4,stop
-0.05701192,-0.09490593,-0.024505615,-0.002977968,9.92656E-4,6.1086525E-4,stop
0.035170816,0.031709768,0.14310265,0.0012980887,-0.0020616702,-6.1086525E-4,stop
0.035170816,0.031709768,0.14310265,0.0012980887,-0.0020616702,-6.1086525E-4,stop
-0.037095703,-0.040402025,-0.022094727,-0.0011453723,0.0016035213,-6.1086525E-4,stop
-0.037095703,-0.040402025,-0.022094727,-0.0011453723,0.0016035213,-6.1086525E-4,stop
-0.0124834925,0.04870709,0.052124023,6.872234E-4,-8.399397E-4,-0.0012217305,stop
-0.0124834925,0.04870709,0.052124023,6.872234E-4,-8.399397E-4,-0.0012217305,stop
-0.004891023,0.0051044375,0.032958984,-5.345071E-4,0.0022143866,-0.0012217305,stop
-0.004891023,0.0051044375,0.032958984,-5.345071E-4,0.0022143866,-0.0012217305,stop
0.020174384,-0.0075954497,0.030542374,-5.345071E-4,-2.2907447E-4,-6.1086525E-4,stop
0.020174384,-0.0075954497,0.030542374,-5.345071E-4,-2.2907447E-4,-6.1086525E-4,stop
0.008272842,0.004531577,0.03772545,-0.0011453723,9.92656E-4,-0.0,stop
0.008272842,0.004531577,0.03772545,-0.0011453723,9.92656E-4,-0.0,stop
0.003563039,0.0143869,0.06406593,-5.345071E-4,-8.399397E-4,-0.0018325958,stop
0.003563039,0.0143869,0.06406593,-5.345071E-4,-8.399397E-4,-0.0018325958,stop
-0.010791041,-0.01185295,0.044913292,-5.345071E-4,0.0016035213,-0.0012217305,stop
-0.010791041,-0.01185295,0.044913292,-5.345071E-4,0.0016035213,-0.0012217305,stop
-0.0027332157,-0.023116767,0.02336502,7.6358156E-5,3.8179077E-4,-6.1086525E-4,stop
-0.0027332157,-0.023116767,0.02336502,7.6358156E-5,3.8179077E-4,-6.1086525E-4,stop
-0.0020239875,-0.0104406625,0.052096367,-0.0017562376,3.8179077E-4,6.1086525E-4,stop
-0.0020239875,-0.0104406625,0.052096367,-0.0017562376,3.8179077E-4,6.1086525E-4,stop
-0.006207481,1.5670061E-4,0.035344124,7.6358156E-5,-2.2907447E-4,6.1086525E-4,stop
-0.006207481,1.5670061E-4,0.035344124,7.6358156E-5,-2.2907447E-4,6.1086525E-4,stop
-0.006181054,0.009648651,0.049708366,-5.345071E-4,-2.2907447E-4,-0.0012217305,stop
-0.006181054,0.009648651,0.049708366,-5.345071E-4,-2.2907447E-4,-0.0012217305,stop
-0.005629413,0.0049792826,0.042520523,-5.345071E-4,-2.2907447E-4,-0.0,stop
-0.005629413,0.0049792826,0.042520523,-5.345071E-4,-2.2907447E-4,-0.0,stop
0.008677572,0.00514476,0.059283257,-5.345071E-4,-2.2907447E-4,-0.0,stop
0.008677572,0.00514476,0.059283257,-5.345071E-4,-2.2907447E-4,-0.0,stop
0.0015727282,-0.001956433,0.028158188,-0.0011453723,3.8179077E-4,-0.0,stop
0.004103385,-0.01142031,0.05928421,-0.0011453723,3.8179077E-4,-0.0,stop
0.004103385,-0.01142031,0.05928421,7.6358156E-5,3.8179077E-4,-0.0012217305,stop
0.004103385,-0.01142031,0.05928421,7.6358156E-5,3.8179077E-4,-0.0012217305,stop
-0.01994989,-0.009056449,0.049707413,-5.345071E-4,3.8179077E-4,6.1086525E-4,stop
-0.01994989,-0.009056449,0.049707413,-5.345071E-4,3.8179077E-4,6.1086525E-4,stop
0.0065776855,0.017449372,0.05928421,7.6358156E-5,0.0016035213,6.1086525E-4,stop
0.0065776855,0.017449372,0.05928421,7.6358156E-5,0.0016035213,6.1086525E-4,stop
0.0046339855,-0.040363833,0.02336216,-5.345071E-4,3.8179077E-4,-6.1086525E-4,stop
0.0046339855,-0.040363833,0.02336216,-5.345071E-4,3.8179077E-4,-6.1086525E-4,stop
0.009378202,0.01719264,0.066459656,7.6358156E-5,3.8179077E-4,-0.0,stop
0.009378202,0.01719264,0.066459656,7.6358156E-5,3.8179077E-4,-0.0,stop
-1.8489361E-4,-0.0091575235,0.044911385,-5.345071E-4,9.92656E-4,-6.1086525E-4,stop
-1.8489361E-4,-0.0091575235,0.044911385,-5.345071E-4,9.92656E-4,-6.1086525E-4,stop
0.009597912,0.019673117,0.059275627,-0.0011453723,-2.2907447E-4,6.1086525E-4,stop
0.009597912,0.019673117,0.059275627,-0.0011453723,-2.2907447E-4,6.1086525E-4,stop
-0.00481686,-0.011163577,0.042520523,-0.0011453723,-0.001450805,-0.0,stop
-0.00481686,-0.011163577,0.042520523,-0.0011453723,-0.001450805,-0.0,stop
-0.007594697,0.002917841,0.04730892,7.6358156E-5,9.92656E-4,-6.1086525E-4,stop
-0.007594697,0.002917841,0.04730892,7.6358156E-5,9.92656E-4,-6.1086525E-4,stop
0.016346827,4.951656E-4,0.0449152,7.6358156E-5,3.8179077E-4,-0.0,stop
0.016346827,4.951656E-4,0.0449152,7.6358156E-5,3.8179077E-4,-0.0,stop
0.011640318,-0.0042366832,0.049703598,-5.345071E-4,-2.2907447E-4,-6.1086525E-4,stop
0.011640318,-0.0042366832,0.049703598,-5.345071E-4,-2.2907447E-4,-6.1086525E-4,stop
0.004045628,-0.0093381405,0.05688572,-0.0011453723,3.8179077E-4,-6.1086525E-4,stop
0.004045628,-0.0093381405,0.05688572,-0.0011453723,3.8179077E-4,-6.1086525E-4,stop
0.0065062046,0.0075186193,0.049703598,-5.345071E-4,9.92656E-4,-6.1086525E-4,stop
0.0065062046,0.0075186193,0.049703598,-5.345071E-4,9.92656E-4,-6.1086525E-4,stop
0.0019787028,0.012463763,0.054491997,7.6358156E-5,-2.2907447E-4,-0.0,stop
0.0019787028,0.012463763,0.054491997,7.6358156E-5,-2.2907447E-4,-0.0,stop
0.013138391,0.012019962,0.05210018,-5.345071E-4,3.8179077E-4,-6.1086525E-4,stop
0.013138391,0.012019962,0.05210018,-5.345071E-4,3.8179077E-4,-6.1086525E-4,stop
-0.0015974417,-0.007375583,0.05449581,-0.0023671028,-2.2907447E-4,-6.1086525E-4,stop
-0.0015974417,-0.007375583,0.05449581,-0.0023671028,-2.2907447E-4,-6.1086525E-4,stop
-0.013615243,-0.002325192,0.066470146,-0.0011453723,-2.2907447E-4,-6.1086525E-4,stop
-0.013615243,-0.002325192,0.066470146,-0.0011453723,-2.2907447E-4,-6.1086525E-4,stop
0.0031533167,-0.0044842064,0.032954216,-0.0011453723,-2.2907447E-4,6.1086525E-4,stop
0.0031533167,-0.0044842064,0.032954216,-0.0011453723,-2.2907447E-4,6.1086525E-4,stop
0.0011704117,-0.0065659434,0.04492569,-5.345071E-4,3.8179077E-4,-0.0,stop
0.0011704117,-0.0065659434,0.04492569,-5.345071E-4,3.8179077E-4,-0.0,stop
0.0035219043,-0.008919701,0.03295517,-5.345071E-4,3.8179077E-4,-6.1086525E-4,stop
0.0035219043,-0.008919701,0.03295517,-5.345071E-4,3.8179077E-4,-6.1086525E-4,stop
0.0013190433,-0.0016235262,0.044926643,-5.345071E-4,-2.2907447E-4,-6.1086525E-4,stop
0.0013190433,-0.0016235262,0.044926643,-5.345071E-4,-2.2907447E-4,-6.1086525E-4,stop
-0.010696903,0.008104354,0.04971695,-5.345071E-4,3.8179077E-4,-0.0012217305,stop
-0.010696903,0.008104354,0.04971695,-5.345071E-4,3.8179077E-4,-0.0012217305,stop
-0.0012592152,0.015905648,0.047332764,7.6358156E-5,3.8179077E-4,-0.0,stop
-0.0012592152,0.015905648,0.047332764,7.6358156E-5,3.8179077E-4,-0.0,stop
-0.005979389,-0.007993892,0.04254341,-5.345071E-4,9.92656E-4,-0.0,stop
-0.005979389,-0.007993892,0.04254341,-5.345071E-4,9.92656E-4,-0.0,stop
-0.0033793598,0.013654172,0.061696053,-0.0011453723,3.8179077E-4,-0.0012217305,stop
-0.0033793598,0.013654172,0.061696053,-0.0011453723,3.8179077E-4,-0.0012217305,stop
0.011459433,0.0014678091,0.049717903,6.872234E-4,3.8179077E-4,-6.1086525E-4,stop
0.011459433,0.0014678091,0.049717903,6.872234E-4,3.8179077E-4,-6.1086525E-4,stop
-0.009964727,-0.0033334047,0.013802528,-5.345071E-4,9.92656E-4,-6.1086525E-4,stop
-0.009964727,-0.0033334047,0.013802528,-5.345071E-4,9.92656E-4,-6.1086525E-4,stop
-0.009410292,0.013378933,0.037737846,7.6358156E-5,-2.2907447E-4,-6.1086525E-4,stop
-0.009410292,0.013378933,0.037737846,7.6358156E-5,-2.2907447E-4,-6.1086525E-4,stop
-0.040662706,-0.046382174,0.035346985,-5.345071E-4,-2.2907447E-4,-6.1086525E-4,stop
-2.684275,-0.23386995,0.16224098,-5.345071E-4,-2.2907447E-4,-6.1086525E-4,stop
-2.684275,-0.23386995,0.16224098,-0.002977968,-0.010002919,0.01038471,stop
-2.684275,-0.23386995,0.16224098,-0.002977968,-0.010002919,0.01038471,stop
-5.0470567,-0.6529974,-0.0031518936,6.872234E-4,0.01198823,0.2687807,stop
-5.0470567,-0.6529974,-0.0031518936,6.872234E-4,0.01198823,0.2687807,stop
2.7530904,0.15880838,-0.13239956,-0.0041996986,-0.0051159966,0.42271876,stop
2.6757894,0.6006436,0.12140274,-0.0041996986,-0.0051159966,0.42271876,stop
2.6757894,0.6006436,0.12140274,-0.0035888334,-0.012446379,-0.07391469,stop
2.6757894,0.6006436,0.12140274,-0.0035888334,-0.012446379,-0.07391469,stop
-2.6366663,-0.27534884,0.075904846,-0.0023671028,-0.0032834008,-0.34208453,stop
-2.6366663,-0.27534884,0.075904846,-0.0023671028,-0.0032834008,-0.34208453,stop
-2.6489441,-0.08314879,0.08549023,-0.0017562376,-0.003894266,-0.055588737,stop
-2.6489441,-0.08314879,0.08549023,-0.0017562376,-0.003894266,-0.055588737,stop
-1.1950526,0.389171,0.054380417,-0.006032294,-0.015500706,-0.010995574,stop
-1.1950526,0.389171,0.054380417,-0.006032294,-0.015500706,-0.010995574,stop
-1.0488372,0.16494302,0.12382603,0.0012980887,0.018707749,-0.5479461,stop
-1.0488372,0.16494302,0.12382603,0.0012980887,0.018707749,-0.5479461,stop
-1.9998511,-0.21085979,0.111896515,0.007406741,0.066355236,-0.915687,stop
-1.9998511,-0.21085979,0.111896515,0.007406741,0.066355236,-0.915687,stop
-2.8964317,0.07772845,-0.10350704,0.01656972,0.024816401,-0.675617,stop
-2.8964317,0.07772845,-0.10350704,0.01656972,0.024816401,-0.675617,stop
-1.9540546,-0.33790672,0.14308262,0.004352415,-0.04848743,-0.1459968,stop
-1.9540546,-0.33790672,0.14308262,0.004352415,-0.04848743,-0.1459968,stop
-0.97608054,-0.54705805,-0.029322624,0.0019089539,0.022372939,0.30970868,stop
-0.97608054,-0.54705805,-0.029322624,0.0019089539,0.022372939,0.30970868,stop
0.052819967,0.38026986,-0.034026146,-0.026190847,0.022983804,0.3268129,stop
0.052819967,0.38026986,-0.034026146,-0.026190847,0.022983804,0.3268129,stop
0.7206697,0.7856627,0.035536766,0.0110719325,0.07857254,-0.014049901,stop
0.7206697,0.7856627,0.035536766,0.0110719325,0.07857254,-0.014049901,stop
-0.41513547,-0.105410695,0.03564644,0.014737124,0.07307476,-0.05009095,stop
-0.41513547,-0.105410695,0.03564644,0.014737124,0.07307476,-0.05009095,stop
-0.3175235,-0.01995185,0.076397896,0.011682798,-0.020387627,0.1142318,stop
-0.3175235,-0.01995185,0.076397896,0.011682798,-0.020387627,0.1142318,stop
-0.530854,0.22136262,0.014101028,0.0129045285,0.019929478,0.12461651,stop
-0.530854,0.22136262,0.014101028,0.0129045285,0.019929478,0.12461651,stop
-0.3780211,-0.022620276,-0.08880234,7.6358156E-5,0.030925052,0.19303341,stop
-0.3780211,-0.022620276,-0.08880234,7.6358156E-5,0.030925052,0.19303341,stop
1.0412272,-0.1327617,0.0668726,-0.008475755,0.0016035213,0.19914207,stop
1.0412272,-0.1327617,0.0668726,-0.008475755,0.0016035213,0.19914207,stop
1.5888028,-0.19659218,0.026175499,-0.005421429,-0.013057245,-0.108123146,stop
1.5888028,-0.19659218,0.026175499,-0.005421429,-0.013057245,-0.108123146,stop
0.2905522,-0.068144634,-0.009750366,-0.0035888334,0.046196684,-0.44959682,stop
-0.7861792,-0.02562292,-0.0024709702,-0.0035888334,0.046196684,-0.44959682,stop
-0.7861792,-0.02562292,-0.0024709702,-0.005421429,-0.0032834008,-0.29932398,stop
-0.7861792,-0.02562292,-0.0024709702,-0.005421429,-0.0032834008,-0.29932398,stop
-0.44376442,-0.35099626,-0.033584595,-0.018860465,-0.021609358,0.092240654,stop
-0.44376442,-0.35099626,-0.033584595,-0.018860465,-0.021609358,0.092240654,stop
0.85615796,0.048375793,0.09092331,-0.02985604,-0.0051159966,0.12522738,stop
0.85615796,0.048375793,0.09092331,-0.02985604,-0.0051159966,0.12522738,stop
1.2610902,0.042040586,-0.10051441,-0.02069306,-0.0026725354,-0.27183503,stop
1.2610902,0.042040586,-0.10051441,-0.02069306,-0.0026725354,-0.27183503,stop
-0.67857987,-0.21089594,0.12457657,-0.026801713,-0.03810272,-0.42943826,stop
-0.67857987,-0.21089594,0.12457657,-0.026801713,-0.03810272,-0.42943826,stop
-1.9343759,0.21178992,0.24435425,-0.023747386,0.019929478,-0.089186326,stop
-1.9343759,0.21178992,0.24435425,-0.023747386,0.019929478,-0.089186326,stop
-0.8288754,-0.022107676,-0.02602768,-0.0048105638,0.06207918,0.10995574,stop
0.9232024,-0.39216638,-0.013892174,-0.0048105638,0.06207918,0.10995574,stop
0.9232024,-0.39216638,-0.013892174,-0.020082194,0.05352707,-0.0,stop
0.9232024,-0.39216638,-0.013892174,-0.020082194,0.05352707,-0.0,stop
0.5499847,0.075985104,-0.16694927,-0.0011453723,0.0028252518,-0.20708331,stop
0.5499847,0.075985104,-0.16694927,-0.0011453723,0.0028252518,-0.20708331,stop
-0.95994496,-0.09315562,0.08440304,-0.010919216,-0.043600507,-0.14538592,stop
-0.95994496,-0.09315562,0.08440304,-0.010919216,-0.043600507,-0.14538592,stop
-0.45189703,0.20772429,-0.035365105,-0.006032294,-0.047876563,0.24556783,stop
-0.45189703,0.20772429,-0.035365105,-0.006032294,-0.047876563,0.24556783,stop
1.0367122,-0.34669858,0.12257385,-0.0041996986,-0.006948592,0.2180789,stop
1.0367122,-0.34669858,0.12257385,-0.0041996986,-0.006948592,0.2180789,stop
0.48244077,-0.015628561,0.034044266,-0.010919216,0.026648996,-0.11789699,stop
0.48244077,-0.015628561,0.034044266,-0.010919216,0.026648996,-0.11789699,stop
-0.69653946,0.8164715,0.1658001,0.008628472,0.022372939,-0.096516706,stop
-0.69653946,0.8164715,0.1658001,0.008628472,0.022372939,-0.096516706,stop
0.14669609,0.24193496,0.12272835,0.015347989,0.024816401,0.13500121,stop
0.14669609,0.24193496,0.12272835,0.015347989,0.024816401,0.13500121,stop
0.457583,-0.23561364,-0.0041360855,0.013515393,0.039477166,0.056199603,stop
0.457583,-0.23561364,-0.0041360855,0.013515393,0.039477166,0.056199603,stop
0.26134145,-0.08958489,0.019830704,0.0025198192,-0.028328875,-0.20586158,stop
0.26134145,-0.08958489,0.019830704,0.0025198192,-0.028328875,-0.20586158,stop
-0.19504741,0.09034993,0.0053482056,-0.006032294,-0.050320026,-0.29749137,stop
-0.19504741,0.09034993,0.0053482056,-0.006032294,-0.050320026,-0.29749137,stop
-0.97094524,0.19615713,0.07227993,-0.008475755,0.013820826,0.029932396,stop
-0.97094524,0.19615713,0.07227993,-0.008475755,0.013820826,0.029932396,stop
1.2278048,0.29621166,0.1297884,-0.017027868,-0.044211373,0.44837508,stop
1.2278048,0.29621166,0.1297884,-0.017027868,-0.044211373,0.44837508,stop
1.8857888,-0.028198898,0.033978462,-0.0048105638,9.92656E-4,0.25167647,stop
1.8857888,-0.028198898,0.033978462,-0.0048105638,9.92656E-4,0.25167647,stop
-0.073578864,-0.049756795,0.07475853,-0.010919216,0.037644573,-0.267559,stop
-1.4066955,0.2059262,0.25921822,-0.010919216,0.037644573,-0.267559,stop
-1.4066955,0.2059262,0.25921822,-0.007254025,0.026648996,-0.19730948,stop
-1.4066955,0.2059262,0.25921822,-0.007254025,0.026648996,-0.19730948,stop
0.07562691,0.20383137,0.24496078,0.015347989,0.07307476,0.15821409,stop
0.07562691,0.20383137,0.24496078,0.015347989,0.07307476,0.15821409,stop
0.9441533,-0.30743584,-0.006299019,0.008628472,0.029092457,0.3622431,stop
0.9441533,-0.30743584,-0.006299019,0.008628472,0.029092457,0.3622431,stop
1.2251494,-0.04103282,-0.061309814,-0.0066431593,0.008323039,0.3652974,stop
1.2251494,-0.04103282,-0.061309814,-0.0066431593,0.008323039,0.3652974,stop
0.18632184,0.16075961,0.012927055,-0.012140946,-0.010002919,0.20525073,stop
0.18632184,0.16075961,0.012927055,-0.012140946,-0.010002919,0.20525073,stop
-0.5710183,0.7059222,0.0344944,-0.010919216,0.037644573,0.13255776,stop
-0.5710183,0.7059222,0.0344944,-0.010919216,0.037644573,0.13255776,stop
0.9318486,0.65864867,-0.015665054,-0.0023671028,-0.003894266,0.23579398,stop
0.9318486,0.65864867,-0.015665054,-0.0023671028,-0.003894266,0.23579398,stop
1.6667051,-0.08442606,0.022543907,0.0055741454,-0.017944166,0.26939157,stop
1.6667051,-0.08442606,0.022543907,0.0055741454,-0.017944166,0.26939157,stop
1.6375227,-0.23032159,0.12061691,-5.345071E-4,-0.03443753,0.15515977,stop
1.6375227,-0.23032159,0.12061691,-5.345071E-4,-0.03443753,0.15515977,stop
-0.20270027,-0.22857338,0.024776459,-5.345071E-4,-8.399397E-4,0.20891592,stop
-0.20270027,-0.22857338,0.024776459,-5.345071E-4,-8.399397E-4,0.20891592,stop
-0.26018268,-0.24761349,0.10375118,-0.012751812,0.0071013086,0.36957347,stop
-0.26018268,-0.24761349,0.10375118,-0.012751812,0.0071013086,0.36957347,stop
1.2688605,-0.004599899,0.103871346,-0.014584408,0.034590244,0.35002577,stop
1.2688605,-0.004599899,0.103871346,-0.014584408,0.034590244,0.35002577,stop
2.0990658,0.087930866,-0.025279045,-0.013362677,-0.0026725354,0.2724459,stop
2.0990658,0.087930866,-0.025279045,-0.013362677,-0.0026725354,0.2724459,stop
2.0840826,-0.2979154,0.05850792,-0.014584408,-0.0051159966,0.122783914,stop
2.0840826,-0.2979154,0.05850792,-0.014584408,-0.0051159966,0.122783914,stop
1.0638978,-1.1544797,-0.025274277,7.6358156E-5,0.03214678,0.01282817,stop
1.0638978,-1.1544797,-0.025274277,7.6358156E-5,0.03214678,0.01282817,stop
0.62045276,-0.78918505,-0.025216103,-0.00908662,0.013820826,0.06414085,stop
0.62045276,-0.78918505,-0.025216103,-0.00908662,0.013820826,0.06414085,stop
1.6516829,-0.12785538,0.14003086,-0.012751812,-0.010002919,0.25167647,stop
1.6516829,-0.12785538,0.14003086,-0.012751812,-0.010002919,0.25167647,stop
2.841198,0.19212317,0.027490616,-0.0066431593,-0.014278975,0.2773328,stop
2.841198,0.19212317,0.027490616,-0.0066431593,-0.014278975,0.2773328,stop
2.524665,0.6096114,0.03939724,6.872234E-4,0.0052687125,-0.002443461,stop
2.524665,0.6096114,0.03939724,6.872234E-4,0.0052687125,-0.002443461,stop
2.4499512,0.39646035,-0.018108368,6.872234E-4,0.005879578,-0.05681047,stop
2.4499512,0.39646035,-0.018108368,6.872234E-4,0.005879578,-0.05681047,stop
3.2045946,0.3221141,0.051257133,7.6358156E-5,-0.0075594573,-0.044593163,stop
3.2045946,0.3221141,0.051257133,7.6358156E-5,-0.0075594573,-0.044593163,stop
4.129748,0.23329006,0.055953026,-5.345071E-4,-0.006337727,0.0030543262,stop
4.129748,0.23329006,0.055953026,-5.345071E-4,-0.006337727,0.0030543262,stop
0.19936594,0.06538887,0.07980347,-0.002977968,-0.024663685,-0.0030543262,stop
0.19936594,0.06538887,0.07980347,-0.002977968,-0.024663685,-0.0030543262,stop
0.19220915,0.06552778,0.07971382,-5.345071E-4,-0.006948592,-6.1086525E-4,stop
0.19220915,0.06552778,0.07971382,-5.345071E-4,-0.006948592,-6.1086525E-4,stop
0.17449024,0.029496133,0.08445835,-0.0011453723,0.0028252518,-6.1086525E-4,stop
0.14398117,0.0054478794,0.06767559,-0.0011453723,0.0028252518,-6.1086525E-4,stop
0.14398117,0.0054478794,0.06767559,-5.345071E-4,-0.001450805,6.1086525E-4,stop
0.14398117,0.0054478794,0.06767559,-5.345071E-4,-0.001450805,6.1086525E-4,stop
0.13018373,0.029365584,0.084412575,-0.0011453723,3.8179077E-4,0.0018325958,stop
0.13018373,0.029365584,0.084412575,-0.0011453723,3.8179077E-4,0.0018325958,stop
0.113011286,0.0318245,0.036525726,-5.345071E-4,0.008323039,6.1086525E-4,stop
0.113011286,0.0318245,0.036525726,-5.345071E-4,0.008323039,6.1086525E-4,stop
0.09426935,0.013292834,0.031261444,-5.345071E-4,0.0022143866,-6.1086525E-4,stop
0.09426935,0.013292834,0.031261444,-0.002977968,-0.0081703225,0.0012217305,stop
0.05483148,0.0096037835,0.066781044,-0.002977968,-0.0081703225,0.0012217305,stop
0.05483148,0.0096037835,0.066781044,-0.002977968,-0.0081703225,0.0012217305,stop
0.019137805,-0.013248503,0.07150841,-0.0023671028,-0.0075594573,0.0030543262,stop
0.019137805,-0.013248503,0.07150841,-0.0023671028,-0.0075594573,0.0030543262,stop
-0.029450934,-0.012704462,0.050001144,7.6358156E-5,0.003436117,-0.0,stop
-0.029450934,-0.012704462,0.050001144,7.6358156E-5,0.003436117,-0.0,stop
-0.039602358,-0.0018588752,0.042847633,7.6358156E-5,0.008323039,-6.1086525E-4,stop
-0.039602358,-0.0018588752,0.042847633,7.6358156E-5,0.008323039,-6.1086525E-4,stop
-0.03340288,0.0045997053,0.0428524,7.6358156E-5,0.0064904434,-0.0,stop
-0.03340288,0.0045997053,0.0428524,7.6358156E-5,0.0064904434,-0.0,stop
-0.026526455,0.008897886,0.040452003,-0.0017562376,-0.0026725354,-0.0,stop
-0.026526455,0.008897886,0.040452003,-0.0017562376,-0.0026725354,-0.0,stop
-0.053348795,-0.012442738,0.0524292,-0.0023671028,-0.005726862,-6.1086525E-4,stop
-0.053348795,-0.012442738,0.0524292,-0.0023671028,-0.005726862,-6.1086525E-4,stop
-0.069933854,0.0069409907,0.059601784,-5.345071E-4,-2.2907447E-4,-0.0012217305,stop
-0.069933854,0.0069409907,0.059601784,-5.345071E-4,-2.2907447E-4,-0.0012217305,stop
-0.047957756,-0.01030986,0.054775238,7.6358156E-5,0.0052687125,6.1086525E-4,stop
-0.047957756,-0.01030986,0.054775238,7.6358156E-5,0.0052687125,6.1086525E-4,stop
-0.022842186,-0.0030134767,0.04517269,7.6358156E-5,0.005879578,-0.0018325958,stop
-0.022842186,-0.0030134767,0.04517269,7.6358156E-5,0.005879578,-0.0018325958,stop
-0.011054473,0.009317666,0.042764664,6.872234E-4,3.8179077E-4,-0.0,stop
-0.011054473,0.009317666,0.042764664,6.872234E-4,3.8179077E-4,-0.0,stop
5.393438E-4,0.009093061,0.06430054,-5.345071E-4,-0.006948592,-6.1086525E-4,stop
5.393438E-4,0.009093061,0.06430054,-5.345071E-4,-0.006948592,-6.1086525E-4,stop
0.0010217093,0.015666917,0.037950516,-0.0011453723,-2.2907447E-4,-0.0,stop
0.0010217093,0.015666917,0.037950516,-0.0011453723,-2.2907447E-4,-0.0,stop
-0.028832693,-0.011337265,0.0522995,-0.0011453723,0.003436117,-6.1086525E-4,stop
-0.028832693,-0.011337265,0.0522995,-0.0011453723,0.003436117,-6.1086525E-4,stop
-0.01189707,-0.016337633,0.08101654,-0.0011453723,-0.0026725354,-0.0,stop
-0.01189707,-0.016337633,0.08101654,-0.0011453723,-0.0026725354,-0.0,stop
-0.010081539,0.012515381,0.02834034,-5.345071E-4,-0.0032834008,-0.0012217305,stop
-0.009079913,-0.004492596,0.05945778,-5.345071E-4,-0.0032834008,-0.0012217305,stop
-0.009079913,-0.004492596,0.05945778,-0.002977968,-0.011224649,-6.1086525E-4,stop
-0.009079913,-0.004492596,0.05945778,-0.002977968,-0.011224649,-6.1086525E-4,stop
-0.013926312,3.902316E-4,0.05706501,-0.0023671028,-0.0051159966,-0.0,stop
-0.013926312,3.902316E-4,0.05706501,-0.0023671028,-0.0051159966,-0.0,stop
0.001614714,-0.021105736,0.05227375,-0.0011453723,0.0022143866,-0.0012217305,stop
0.001614714,-0.021105736,0.05227375,-0.0011453723,0.0022143866,-0.0012217305,stop
0.0051771607,0.008646667,0.045106888,7.6358156E-5,0.004046982,-0.0,stop
0.0051771607,0.008646667,0.045106888,7.6358156E-5,0.004046982,-0.0,stop
-0.022823032,0.02586998,0.030748367,6.872234E-4,0.0016035213,-6.1086525E-4,stop
-0.022823032,0.02586998,0.030748367,6.872234E-4,0.0016035213,-6.1086525E-4,stop
-0.0055684615,-0.01047641,0.033132553,-5.345071E-4,-8.399397E-4,-6.1086525E-4,stop
-0.0055684615,-0.01047641,0.033132553,-5.345071E-4,-8.399397E-4,-6.1086525E-4,stop
0.015530011,-7.42048E-4,0.035531044,-0.0017562376,-0.0032834008,-0.0012217305,stop
0.015530011,-7.42048E-4,0.035531044,-0.0017562376,-0.0032834008,-0.0012217305,stop
0.0078087635,0.0067263544,0.07863426,-0.0011453723,3.8179077E-4,-0.0012217305,stop
0.0078087635,0.0067263544,0.07863426,-0.0011453723,3.8179077E-4,-0.0012217305,stop
-0.01796587,0.0138346255,0.033141136,-5.345071E-4,0.0028252518,-0.0012217305,stop
-0.01796587,0.0138346255,0.033141136,-5.345071E-4,0.0028252518,-0.0012217305,stop
-0.028512832,-9.4628334E-4,0.052282333,-5.345071E-4,0.0016035213,-0.0012217305,stop
-0.028512832,-9.4628334E-4,0.052282333,-5.345071E-4,0.0016035213,-0.0012217305,stop
0.004997799,-0.0035181046,0.06663895,-5.345071E-4,9.92656E-4,-0.0012217305,stop
0.004997799,-0.0035181046,0.06663895,-5.345071E-4,9.92656E-4,-0.0012217305,stop
0.01136951,-0.0011988878,0.045085907,-0.0023671028,0.0022143866,-0.0,stop
0.01136951,-0.0011988878,0.045085907,-0.0023671028,0.0022143866,-0.0,stop
0.01136951,-0.0011988878,0.045085907,-0.0023671028,0.0022143866,-0.0,stop
-0.0048910603,0.011071354,0.016360283,7.6358156E-5,0.0046578473,-0.0012217305,stop
-0.0047260784,-0.0012161434,0.06663132,6.872234E-4,3.8179077E-4,-6.1086525E-4,stop
-0.0047260784,-0.0012161434,0.06663132,6.872234E-4,3.8179077E-4,-6.1086525E-4,stop
3.2131374E-4,0.01313588,0.06663132,-0.0011453723,0.003436117,-6.1086525E-4,stop
3.2131374E-4,0.01313588,0.06663132,-0.0011453723,0.003436117,-6.1086525E-4,stop
-0.0058340123,0.0026790798,0.037882805,-5.345071E-4,0.0016035213,-6.1086525E-4,stop
-0.0058340123,0.0026790798,0.037882805,-5.345071E-4,0.0016035213,-6.1086525E-4,stop
-0.015175714,4.3815374E-4,0.023519516,-0.0011453723,-0.001450805,-0.0012217305,stop
-0.015175714,4.3815374E-4,0.023519516,-0.0011453723,-0.001450805,-0.0012217305,stop
0.009375978,0.00261423,0.061820984,-5.345071E-4,3.8179077E-4,-6.1086525E-4,stop
0.009375978,0.00261423,0.061820984,-5.345071E-4,3.8179077E-4,-6.1086525E-4,stop
-0.013640421,0.0018594265,0.045045853,-0.0011453723,0.004046982,-0.0012217305,stop
-0.013640421,0.0018594265,0.045045853,-0.0011453723,0.004046982,-0.0012217305,stop
-0.013640421,0.0018594265,0.045045853,-0.0011453723,0.004046982,-0.0012217305,stop
0.018461602,0.011192441,0.040251732,-0.0011453723,0.004046982,-0.0012217305,stop
0.011699626,-0.007870287,0.047434807,-5.345071E-4,-8.399397E-4,-0.0,stop
0.011699626,-0.007870287,0.047434807,-5.345071E-4,-8.399397E-4,-0.0,stop
-0.01154238,0.0043762475,0.057020187,-5.345071E-4,-0.0026725354,-6.1086525E-4,stop
-0.01154238,0.0043762475,0.057020187,-5.345071E-4,-0.0026725354,-6.1086525E-4,stop
-0.086392134,-3.1851232E-4,0.054629326,6.872234E-4,0.0046578473,0.0012217305,stop
-0.086392134,-3.1851232E-4,0.054629326,6.872234E-4,0.0046578473,0.0012217305,stop
0.30094352,0.040797144,0.040257454,0.0012980887,0.018096883,0.03359759,stop
0.30094352,0.040797144,0.040257454,0.0012980887,0.018096883,0.03359759,stop
-0.010681791,-0.04301004,0.054620743,-5.345071E-4,0.0077121737,0.008552114,stop
-0.010681791,-0.04301004,0.054620743,-5.345071E-4,0.0077121737,0.008552114,stop
0.046654187,-0.008969158,0.02350521,-5.345071E-4,-0.001450805,0.005497787,stop
0.046654187,-0.008969158,0.02350521,-5.345071E-4,-0.001450805,0.005497787,stop
0.033170823,0.011388317,0.06423378,-0.0023671028,-0.005726862,0.0012217305,stop
0.033170823,0.011388317,0.06423378,-0.0023671028,-0.005726862,0.0012217305,stop
0.02684277,-0.2340626,0.04989624,-0.0048105638,-0.019165898,0.029321533,stop
0.02684277,-0.2340626,0.04989624,-0.0048105638,-0.019165898,0.029321533,stop
1.1304144,-0.6975672,0.10523224,-0.006032294,-0.03443753,0.34330627,stop
1.1304144,-0.6975672,0.10523224,-0.006032294,-0.03443753,0.34330627,stop
3.5439813,-0.39457494,0.014285088,6.872234E-4,0.0052687125,0.7147123,stop
3.5439813,-0.39457494,0.014285088,6.872234E-4,0.0052687125,0.7147123,stop
4.0419517,-0.0731028,0.06217575,0.00496328,0.02115121,0.48441613,stop
4.0419517,-0.0731028,0.06217575,0.00496328,0.02115121,0.48441613,stop
4.587251,-0.1211952,0.08132076,0.0037415496,0.022983804,0.25289822,stop
4.587251,-0.1211952,0.08132076,0.0037415496,0.022983804,0.25289822,stop
4.2332582,0.18015166,0.098073006,0.0025198192,0.020540344,-0.014660766,stop
4.2332582,0.18015166,0.098073006,0.0025198192,0.020540344,-0.014660766,stop
4.0154343,0.27059233,0.14355755,0.012293663,0.009544769,-0.2968805,stop
4.0154343,0.27059233,0.14355755,0.012293663,0.009544769,-0.2968805,stop
3.140828,0.018131599,0.098023415,0.019624045,-0.0081703225,-0.42210788,stop
3.140828,0.018131599,0.098023415,0.019624045,-0.0081703225,-0.42210788,stop
1.6120065,-0.42752028,0.021323204,0.026343564,0.019929478,-0.5235115,stop
1.6120065,-0.42752028,0.021323204,0.026343564,0.019929478,-0.5235115,stop
0.8097266,0.18575926,0.08590317,0.014126259,-0.009392053,-0.52839845,stop
0.8097266,0.18575926,0.08590317,0.014126259,-0.009392053,-0.52839845,stop
0.22850169,0.36513704,0.21041012,0.011682798,-0.047876563,-0.46609017,stop
0.22850169,0.36513704,0.21041012,0.011682798,-0.047876563,-0.46609017,stop
0.06373218,0.12546322,-0.03138256,0.0012980887,0.018096883,-0.43676865,stop
0.06373218,0.12546322,-0.03138256,0.0012980887,0.018096883,-0.43676865,stop
-0.6162243,0.12685768,0.023666382,-0.002977968,0.054748796,-0.29993483,stop
-0.6162243,0.12685768,0.023666382,-0.002977968,0.054748796,-0.29993483,stop
-0.4571332,0.26335505,0.22234821,-0.002977968,0.013820826,-0.035430185,stop
-0.4571332,0.26335505,0.22234821,-0.002977968,0.013820826,-0.035430185,stop
-0.47013637,0.15483633,-0.045851707,0.015347989,0.0052687125,-0.13927728,stop
-0.47013637,0.15483633,-0.045851707,0.015347989,0.0052687125,-0.13927728,stop
-0.43608862,-0.22488278,0.021142006,0.013515393,-0.0045051314,-0.22602014,stop
-0.43608862,-0.22488278,0.021142006,0.013515393,-0.0045051314,-0.22602014,stop
0.08760528,-0.73022306,-0.09382057,0.00496328,0.012599096,0.007941248,stop
0.08760528,-0.73022306,-0.09382057,0.00496328,0.012599096,0.007941248,stop
-0.84930265,0.22280195,0.17912483,-0.007254025,-0.016111571,0.2846632,stop
-0.84930265,0.22280195,0.17912483,-0.007254025,-0.016111571,0.2846632,stop
-0.74969184,-0.0028434694,0.06184578,-0.008475755,-0.027718011,0.27183503,stop
-0.74969184,-0.0028434694,0.06184578,-0.008475755,-0.027718011,0.27183503,stop
0.894836,-0.25729898,0.0978384,-0.005421429,-0.06009387,0.23090707,stop
0.894836,-0.25729898,0.0978384,-0.005421429,-0.06009387,0.23090707,stop
0.43768427,-0.098064184,0.09074688,6.872234E-4,-0.04298964,0.029321533,stop
0.43768427,-0.098064184,0.09074688,6.872234E-4,-0.04298964,0.029321533,stop
-1.564233,0.19394965,0.083646774,-0.0035888334,-0.012446379,-0.14721853,stop
-1.564233,0.19394965,0.083646774,-0.0035888334,-0.012446379,-0.14721853,stop
-1.0177479,-0.025712818,0.12916183,0.0092393365,-0.0051159966,0.035430185,stop
-1.0177479,-0.025712818,0.12916183,0.0092393365,-0.0051159966,0.035430185,stop
0.1796913,-0.1466947,0.090828896,0.004352415,-0.0032834008,0.14110987,stop
0.1796913,-0.1466947,0.090828896,0.004352415,-0.0032834008,0.14110987,stop
0.45774668,-0.046404928,-0.0049467087,0.0037415496,-0.001450805,0.11911872,stop
0.45774668,-0.046404928,-0.0049467087,0.0037415496,-0.001450805,0.11911872,stop
-0.42524648,0.26265955,-0.12467766,-0.0011453723,0.040698897,0.15332718,stop
-0.42524648,0.26265955,-0.12467766,-0.0011453723,0.040698897,0.15332718,stop
-0.65812296,-0.34887654,-0.016968727,-0.010919216,0.0028252518,0.13439035,stop
-0.65812296,-0.34887654,-0.016968727,-0.010919216,0.0028252518,0.13439035,stop
-0.25834382,-0.38766688,0.097987175,-0.012751812,-0.019165898,0.014049901,stop
-0.25834382,-0.38766688,0.097987175,-0.012751812,-0.019165898,0.014049901,stop
-0.26077014,-0.38478106,0.098059654,-0.00786489,0.008933905,-0.19975294,stop
-0.26077014,-0.38478106,0.098059654,-0.00786489,0.008933905,-0.19975294,stop
-0.26333767,0.559824,0.23694897,-0.0041996986,-0.019165898,-0.16126843,stop
-0.26333767,0.559824,0.23694897,-0.0041996986,-0.019165898,-0.16126843,stop
0.17528072,0.32757717,0.11968994,7.6358156E-5,-0.08391761,0.092240654,stop
0.17528072,0.32757717,0.11968994,7.6358156E-5,-0.08391761,0.092240654,stop
0.5561705,0.392031,0.071891785,0.008017606,0.066355236,-0.015271631,stop
0.5561705,0.392031,0.071891785,0.008017606,0.066355236,-0.015271631,stop
0.10003126,0.3129791,-0.021647453,0.008017606,0.029703323,-0.24801129,stop
0.10003126,0.3129791,-0.021647453,0.008017606,0.029703323,-0.24801129,stop
-0.8002286,0.15783931,-0.00733757,0.004352415,0.028481591,-0.24617869,stop
-0.8002286,0.15783931,-0.00733757,0.004352415,0.028481591,-0.24617869,stop
-0.9219649,0.02944915,0.05009365,0.0031306844,-0.042378776,0.15882497,stop
-0.9219649,0.02944915,0.05009365,0.0031306844,-0.042378776,0.15882497,stop
1.1078397,0.011720791,0.0908432,-0.0011453723,-0.051541757,0.2657264,stop
1.1078397,0.011720791,0.0908432,-0.0011453723,-0.051541757,0.2657264,stop
1.599476,-0.35630402,0.13403511,-0.0041996986,-0.033826664,-0.1423316,stop
1.599476,-0.35630402,0.13403511,-0.0041996986,-0.033826664,-0.1423316,stop
0.795384,0.21584436,0.08145809,0.0031306844,-0.047876563,-0.40622538,stop
0.795384,0.21584436,0.08145809,0.0031306844,-0.047876563,-0.40622538,stop
-0.6988033,0.26700366,0.048024178,0.0037415496,-0.02405282,-0.40500367,stop
-0.9640853,-0.07206635,0.083963394,0.0037415496,-0.02405282,-0.40500367,stop
-0.9640853,-0.07206635,0.083963394,0.007406741,-0.020998493,-0.26145032,stop
-0.9640853,-0.07206635,0.083963394,0.007406741,-0.020998493,-0.26145032,stop
0.44559023,-0.5119009,0.08636379,0.0019089539,0.027870728,-0.25411993,stop
0.44559023,-0.5119009,0.08636379,0.0019089539,0.027870728,-0.25411993,stop
0.28986156,-0.106080025,-0.10525036,-0.0041996986,9.92656E-4,-0.48441613,stop
0.28986156,-0.106080025,-0.10525036,-0.0041996986,9.92656E-4,-0.48441613,stop
-1.4536232,-0.22627497,0.23957253,0.0055741454,-0.07475463,-0.38423425,stop
-1.4536232,-0.22627497,0.23957253,0.0055741454,-0.07475463,-0.38423425,stop
-1.4388323,0.07855439,0.057738304,0.0110719325,-0.044211373,-0.17715092,stop
-1.4388323,0.07855439,0.057738304,0.0110719325,-0.044211373,-0.17715092,stop
-0.5920509,-0.35010463,0.029044151,0.0110719325,-0.0081703225,-0.058643065,stop
-0.5920509,-0.35010463,0.029044151,0.0110719325,-0.0081703225,-0.058643065,stop
-0.062003575,-0.002066657,0.024251938,0.0012980887,0.016264288,-0.22907446,stop
-0.062003575,-0.002066657,0.024251938,0.0012980887,0.016264288,-0.22907446,stop
-0.67224383,-0.19897458,0.048145294,-0.006032294,0.009544769,-0.4605924,stop
-0.67224383,-0.19897458,0.048145294,-0.006032294,0.009544769,-0.4605924,stop
-1.5825206,-0.11015558,0.086429596,-0.006032294,-0.035659257,-0.37323865,stop
-1.5825206,-0.11015558,0.086429596,-0.006032294,-0.035659257,-0.37323865,stop
-0.84226197,0.23478845,0.13684464,0.0025198192,-0.053985216,-0.08979719,stop
-0.84226197,0.23478845,0.13684464,0.0025198192,-0.053985216,-0.08979719,stop
-0.31150582,0.25537434,0.16332626,0.015347989,-0.07964156,-0.11301007,stop
-0.31150582,0.25537434,0.16332626,0.015347989,-0.07964156,-0.11301007,stop
0.3746053,-0.2274953,-0.08551788,0.023289237,-0.03443753,-0.20830505,stop
0.3746053,-0.2274953,-0.08551788,0.023289237,-0.03443753,-0.20830505,stop
-0.6744704,-0.17939582,0.086927414,0.008628472,-0.033826664,-0.29932398,stop
-0.6744704,-0.17939582,0.086927414,0.008628472,-0.033826664,-0.29932398,stop
-1.550186,-0.11696668,0.017539978,-0.006032294,0.029092457,-0.2565634,stop
-0.5201805,-0.09251669,0.09402084,-0.006032294,0.029092457,-0.2565634,stop
-0.5201805,-0.09251669,0.09402084,-0.00786489,0.02115121,-0.17959438,stop
-0.5201805,-0.09251669,0.09402084,-0.00786489,0.02115121,-0.17959438,stop
0.74229664,-0.041598335,0.101200104,-0.0048105638,-0.058872137,-0.19364429,stop
0.74229664,-0.041598335,0.101200104,-0.0048105638,-0.058872137,-0.19364429,stop
-0.017045513,-0.06521438,0.15889454,-0.010919216,-0.065591656,-0.4373795,stop
-0.017045513,-0.06521438,0.15889454,-0.010919216,-0.065591656,-0.4373795,stop
-0.91824925,-0.0670553,0.12085152,-0.010308351,-0.041157044,-0.42271876,stop
-0.91824925,-0.0670553,0.12085152,-0.010308351,-0.041157044,-0.42271876,stop
-0.9159536,-0.19344796,-0.07052517,-0.002977968,-0.0051159966,-0.29626966,stop
-0.9159536,-0.19344796,-0.07052517,-0.002977968,-0.0051159966,-0.29626966,stop
-1.8541617,-0.21568508,0.109023094,0.0019089539,-0.0045051314,-0.2180789,stop
-1.8541617,-0.21568508,0.109023094,0.0019089539,-0.0045051314,-0.2180789,stop
-2.4088922,-0.44656998,0.19518185,0.0055741454,-0.016722437,-0.06719518,stop
-2.4088922,-0.44656998,0.19518185,0.0055741454,-0.016722437,-0.06719518,stop
-2.659187,-0.24833904,0.11140442,6.872234E-4,-0.022220224,0.10567969,stop
-2.659187,-0.24833904,0.11140442,6.872234E-4,-0.022220224,0.10567969,stop
-2.327936,-0.048390046,0.08028126,-0.0066431593,0.008933905,0.16554448,stop
-2.327936,-0.048390046,0.08028126,-0.0066431593,0.008933905,0.16554448,stop
-2.962156,0.29396284,0.08255863,-0.0066431593,0.026648996,-0.015882496,stop
-3.7772644,-0.12424736,0.051278114,-0.0066431593,0.026648996,-0.015882496,stop
-3.7772644,-0.12424736,0.051278114,-5.345071E-4,9.92656E-4,-0.07086037,stop
-3.7772644,-0.12424736,0.051278114,-5.345071E-4,9.92656E-4,-0.07086037,stop
-0.054787993,0.024247691,0.036831856,-5.345071E-4,0.0052687125,-6.1086525E-4,stop
-0.054787993,0.024247691,0.036831856,-5.345071E-4,0.0052687125,-6.1086525E-4,stop
-0.029403806,0.01722923,0.04633808,6.872234E-4,-0.0051159966,-0.0018325958,stop
-0.029403806,0.01722923,0.04633808,6.872234E-4,-0.0051159966,-0.0018325958,stop
-0.0017094463,-0.0020304024,0.07025337,6.872234E-4,3.8179077E-4,-0.002443461,stop
-0.0017094463,-0.0020304024,0.07025337,6.872234E-4,3.8179077E-4,-0.002443461,stop
-0.0061825067,0.02425073,0.06062603,6.872234E-4,0.018707749,6.1086525E-4,stop
-0.0061825067,0.02425073,0.06062603,6.872234E-4,0.018707749,6.1086525E-4,stop
0.022758782,0.02891086,0.04616928,-5.345071E-4,0.012599096,6.1086525E-4,stop
0.022758782,0.02891086,0.04616928,-5.345071E-4,0.012599096,6.1086525E-4,stop
0.0066449493,0.026492745,0.06526947,7.6358156E-5,0.0077121737,-6.1086525E-4,stop
0.0066449493,0.026492745,0.06526947,7.6358156E-5,0.0077121737,-6.1086525E-4,stop
-0.0035836846,0.024163201,0.053268433,-5.345071E-4,-0.0020616702,-0.002443461,stop
-0.0035836846,0.024163201,0.053268433,-5.345071E-4,-0.0020616702,-0.002443461,stop
-0.013391927,0.01226306,0.04609108,-5.345071E-4,-0.006948592,-0.0,stop
-0.013391927,0.01226306,0.04609108,-5.345071E-4,-0.006948592,-0.0,stop
-0.0077795237,0.011032745,0.06501293,7.6358156E-5,-0.008781188,-0.0012217305,stop
-0.0077795237,0.011032745,0.06501293,7.6358156E-5,-0.008781188,-0.0012217305,stop
0.01051864,0.0017460734,0.06470585,-0.0011453723,-0.0020616702,-6.1086525E-4,stop
0.01051864,0.0017460734,0.06470585,-0.0011453723,-0.0020616702,-6.1086525E-4,stop
0.028082013,0.012490734,0.059758186,-0.0011453723,0.0016035213,-6.1086525E-4,stop
0.028082013,0.012490734,0.059758186,-0.0011453723,0.0016035213,-6.1086525E-4,stop
0.040167466,0.01624985,0.040525436,7.6358156E-5,0.004046982,-6.1086525E-4,stop
0.040167466,0.01624985,0.040525436,7.6358156E-5,0.004046982,-6.1086525E-4,stop
0.04311865,0.02230446,0.047683716,7.6358156E-5,-2.2907447E-4,-0.0012217305,stop
0.04311865,0.02230446,0.047683716,7.6358156E-5,-2.2907447E-4,-0.0012217305,stop
0.02394528,0.0039562583,0.064450264,-5.345071E-4,-0.0075594573,-0.0018325958,stop
0.02394528,0.0039562583,0.064450264,-5.345071E-4,-0.0075594573,-0.0018325958,stop
0.022217795,0.0028327107,0.071668625,7.6358156E-5,-0.0045051314,-0.0012217305,stop
0.022217795,0.0028327107,0.071668625,7.6358156E-5,-0.0045051314,-0.0012217305,stop
0.045414835,0.006838113,0.05493927,-5.345071E-4,0.0022143866,-0.0012217305,stop
0.027322337,0.0012018532,0.047795296,-5.345071E-4,0.0022143866,-0.0012217305,stop
0.027322337,0.0012018532,0.047795296,-5.345071E-4,3.8179077E-4,-0.0012217305,stop
0.027322337,0.0012018532,0.047795296,-5.345071E-4,3.8179077E-4,-0.0012217305,stop
-4.8017502E-4,-0.0018098205,0.050234795,-0.0011453723,0.0016035213,-0.0012217305,stop
-4.8017502E-4,-0.0018098205,0.050234795,-0.0011453723,0.0016035213,-0.0012217305,stop
-3.1587481E-4,-0.0065624565,0.04308319,-0.0011453723,-2.2907447E-4,-0.0018325958,stop
-3.1587481E-4,-0.0065624565,0.04308319,-0.0011453723,-2.2907447E-4,-0.0018325958,stop
0.01949644,0.0055425316,0.05987072,-0.0011453723,-0.001450805,-0.0,stop
0.01949644,0.0055425316,0.05987072,-0.0011453723,-0.001450805,-0.0,stop
0.017357618,-0.013723522,0.07426548,-0.0017562376,-0.001450805,-0.0012217305,stop
0.017357618,-0.013723522,0.07426548,-0.0017562376,-0.001450805,-0.0012217305,stop
0.034275144,-0.0013980418,0.055150986,-5.345071E-4,3.8179077E-4,-0.0012217305,stop
0.034275144,-0.0013980418,0.055150986,-5.345071E-4,3.8179077E-4,-0.0012217305,stop
0.021841764,0.0032319576,0.062374115,7.6358156E-5,-8.399397E-4,-6.1086525E-4,stop
0.021841764,0.0032319576,0.062374115,7.6358156E-5,-8.399397E-4,-6.1086525E-4,stop
0.026325628,0.009812772,0.062407494,7.6358156E-5,0.0022143866,-0.0,stop
0.026325628,0.009812772,0.062407494,7.6358156E-5,0.0022143866,-0.0,stop
-0.004951954,-0.012096897,0.040895462,-5.345071E-4,-0.001450805,-6.1086525E-4,stop
-0.004951954,-0.012096897,0.040895462,-5.345071E-4,-0.001450805,-6.1086525E-4,stop
-0.014471069,0.01930891,0.06727123,6.872234E-4,-0.0026725354,-0.0012217305,stop
-0.014471069,0.01930891,0.06727123,7.6358156E-5,-0.0032834008,-0.0012217305,stop
-0.015194744,0.018874794,0.06727791,7.6358156E-5,-0.0032834008,-0.0012217305,stop
-0.015194744,0.018874794,0.06727791,7.6358156E-5,-0.0032834008,-0.0012217305,stop
0.00822261,0.018851593,0.06728554,-5.345071E-4,-2.2907447E-4,-0.0012217305,stop
0.00822261,0.018851593,0.06728554,-5.345071E-4,-2.2907447E-4,-0.0012217305,stop
0.0011741221,0.009377986,0.04813099,-0.0011453723,0.0016035213,-0.0018325958,stop
0.0011741221,0.009377986,0.04813099,-0.0011453723,0.0016035213,-0.0018325958,stop
0.015892476,0.008471325,0.040929794,6.872234E-4,0.0022143866,-0.0012217305,stop
0.015892476,0.008471325,0.040929794,6.872234E-4,0.0022143866,-0.0012217305,stop
0.0010351688,0.0053329766,0.06486893,7.6358156E-5,-0.0020616702,-0.0018325958,stop
0.0010351688,0.0053329766,0.06486893,7.6358156E-5,-0.0020616702,-0.0018325958,stop
-3.1776726E-4,-0.0027675182,0.062482834,6.872234E-4,-0.005726862,-0.0012217305,stop
-3.1776726E-4,-0.0027675182,0.062482834,6.872234E-4,-0.005726862,-0.0012217305,stop
-0.02753456,-0.005196646,0.05770874,-0.0011453723,-0.001450805,-0.0018325958,stop
-0.02753456,-0.005196646,0.05770874,-0.0011453723,-0.001450805,-0.0018325958,stop
-0.01473099,0.011637971,0.048119545,-5.345071E-4,0.0022143866,-0.0012217305,stop
-0.01473099,0.011637971,0.048119545,-5.345071E-4,0.0022143866,-0.0012217305,stop
0.0214926,-0.009807095,0.03614521,-0.0011453723,0.0022143866,-0.0,stop
0.0214926,-0.009807095,0.03614521,-0.0011453723,0.0022143866,-0.0,stop
0.0075656176,-0.004919514,0.050504684,-0.0011453723,3.8179077E-4,-6.1086525E-4,stop
0.0075656176,-0.004919514,0.050504684,-0.0011453723,3.8179077E-4,-6.1086525E-4,stop
0.004879117,0.0024989247,0.06008911,-5.345071E-4,0.0028252518,-0.0018325958,stop
0.004879117,0.0024989247,0.06008911,-5.345071E-4,0.0028252518,-0.0018325958,stop
0.0074597,0.014569297,0.052905083,-0.0011453723,0.0028252518,-0.0018325958,stop
0.0074597,0.014569297,0.052905083,-0.0011453723,0.0028252518,-0.0018325958,stop
0.0076150596,0.005021438,0.06487465,6.872234E-4,-2.2907447E-4,-0.0012217305,stop
0.0076150596,0.005021438,0.06487465,6.872234E-4,-2.2907447E-4,-0.0012217305,stop
0.02090232,-4.1812658E-4,0.060094833,7.6358156E-5,3.8179077E-4,-0.002443461,stop
-0.0022377074,0.0085167885,0.043352127,7.6358156E-5,3.8179077E-4,-0.002443461,stop
-0.0022377074,0.0085167885,0.043352127,-5.345071E-4,-0.0032834008,-0.0012217305,stop
-0.0022377074,0.0085167885,0.043352127,-5.345071E-4,-0.0032834008,-0.0012217305,stop
-0.003852889,0.0075938255,0.04336548,-5.345071E-4,-0.0032834008,-0.0012217305,stop
-0.003852889,0.0075938255,0.04336548,-5.345071E-4,-0.0032834008,-0.0012217305,stop
0.002751112,-0.011886343,0.06013012,-0.0011453723,9.92656E-4,-6.1086525E-4,stop
0.002751112,-0.011886343,0.06013012,-0.0011453723,9.92656E-4,-6.1086525E-4,stop
0.008104369,-0.03139089,0.055327415,-5.345071E-4,0.0016035213,-0.0012217305,stop
0.008104369,-0.03139089,0.055327415,-5.345071E-4,0.0016035213,-0.0012217305,stop
-0.003259629,0.014210179,0.050530434,7.6358156E-5,0.0016035213,-0.0,stop
-0.003259629,0.014210179,0.050530434,7.6358156E-5,0.0016035213,-0.0,stop
0.013460249,-0.0072365105,0.048137665,-5.345071E-4,-0.005726862,-6.1086525E-4,stop
0.013460249,-0.0072365105,0.048137665,-5.345071E-4,-0.005726862,-6.1086525E-4,stop
0.0049759448,0.0024943948,0.06492138,-5.345071E-4,-0.0026725354,-0.0018325958,stop
0.0049759448,0.0024943948,0.06492138,-5.345071E-4,-0.0026725354,-0.0018325958,stop
-0.06652778,0.0071303993,0.002664566,-0.0011453723,3.8179077E-4,-0.002443461,stop
-0.06652778,0.0071303993,0.002664566,-0.0011453723,3.8179077E-4,-0.002443461,stop
-1.4928865,-0.17546798,-1.4305115E-5,-5.345071E-4,0.022372939,-0.07391469,stop
-1.4928865,-0.17546798,-1.4305115E-5,-5.345071E-4,0.022372939,-0.07391469,stop
-3.1063268,-0.42616916,0.04699421,-0.0035888334,-8.399397E-4,-0.056199603,stop
-3.1063268,-0.42616916,0.04699421,-0.0035888334,-8.399397E-4,-0.056199603,stop
-2.9161782,-0.5734598,0.080880165,-0.00786489,0.0064904434,0.06291912,stop
-2.9161782,-0.5734598,0.080880165,-0.00786489,0.0064904434,0.06291912,stop
-2.4518876,-0.40633082,0.1169281,-0.012140946,0.009544769,0.24007004,stop
-2.8010433,-0.2772183,0.14108086,-0.012140946,0.009544769,0.24007004,stop
-2.8010433,-0.2772183,0.14108086,-0.015195273,0.029703323,0.2779437,stop
-2.8010433,-0.2772183,0.14108086,-0.015195273,0.029703323,0.2779437,stop
-2.1987433,-0.31113476,0.18686199,-0.00908662,0.03153592,0.37568212,stop
-2.1987433,-0.31113476,0.18686199,-0.00908662,0.03153592,0.37568212,stop
-1.3109266,0.21868633,-0.121697426,-0.012751812,0.02115121,0.267559,stop
-1.3109266,0.21868633,-0.121697426,-0.012751812,0.02115121,0.267559,stop
-1.0059788,0.17286919,-0.02335167,-0.015806139,-0.0075594573,-0.0012217305,stop
-1.0059788,0.17286919,-0.02335167,-0.015806139,-0.0075594573,-0.0012217305,stop
-1.7769849,0.3576338,0.11802006,0.013515393,0.044364087,0.07880162,stop
-1.7769849,0.3576338,0.11802006,0.013515393,0.044364087,0.07880162,stop
-0.774854,0.38006878,0.16384792,0.0110719325,0.09750936,0.21197024,stop
0.13753355,-0.41140088,-0.07516956,0.0110719325,0.09750936,0.21197024,stop
0.13753355,-0.41140088,-0.07516956,0.0067958757,0.01198823,0.1459968,stop
0.13753355,-0.41140088,-0.07516956,0.0067958757,0.01198823,0.1459968,stop
1.1575646,0.11425969,-0.094270706,-0.00908662,0.013209961,-0.049480084,stop
1.1575646,0.11425969,-0.094270706,-0.00908662,0.013209961,-0.049480084,stop
-1.9906275,0.26476285,0.63844585,-0.048181996,-0.04848743,-0.23396139,stop
-1.9906275,0.26476285,0.63844585,-0.048181996,-0.04848743,-0.23396139,stop
-2.1665974,0.9329833,0.059327126,0.011682798,0.07490735,0.13744467,stop
-2.1665974,0.9329833,0.059327126,0.011682798,0.07490735,0.13744467,stop
0.2764559,0.022359446,-0.004808426,0.021456642,-0.0026725354,0.28344148,stop
0.2764559,0.022359446,-0.004808426,0.021456642,-0.0026725354,0.28344148,stop
1.3153625,0.26786935,0.042956352,0.0067958757,-0.02893974,0.12461651,stop
1.3153625,0.26786935,0.042956352,0.0067958757,-0.02893974,0.12461651,stop
1.0618197,0.26133484,0.059615135,-0.002977968,0.008933905,0.04642576,stop
1.0618197,0.26133484,0.059615135,-0.002977968,0.008933905,0.04642576,stop
0.48013473,-0.14048952,0.15299892,-0.0066431593,0.0022143866,0.01160644,stop
0.48013473,-0.14048952,0.15299892,-0.0066431593,0.0022143866,0.01160644,stop
-0.90399396,-0.2453077,0.15075874,0.00496328,0.011377365,0.1142318,stop
-0.90399396,-0.2453077,0.15075874,0.00496328,0.011377365,0.1142318,stop
1.016948,0.33515483,0.01200676,0.01656972,-0.010002919,0.39095375,stop
1.016948,0.33515483,0.01200676,0.01656972,-0.010002919,0.39095375,stop
1.4151775,0.019072995,-0.086297035,-0.006032294,0.008933905,0.24740042,stop
1.4151775,0.019072995,-0.086297035,-0.006032294,0.008933905,0.24740042,stop
0.15995848,-0.14873305,0.045358658,0.0025198192,-0.0045051314,0.19853121,stop
0.15995848,-0.14873305,0.045358658,0.0025198192,-0.0045051314,0.19853121,stop
0.8945018,-0.4067698,0.36373997,-0.006032294,0.03397938,0.376293,stop
1.3756865,-0.5863726,0.048134804,-0.006032294,0.03397938,0.376293,stop
1.3756865,-0.5863726,0.048134804,0.0092393365,0.104228884,0.15271631,stop
1.3756865,-0.5863726,0.048134804,0.0092393365,0.104228884,0.15271631,stop
0.7003882,-0.32399398,0.04151249,-0.027412578,0.066355236,0.13255776,stop
0.7003882,-0.32399398,0.04151249,-0.027412578,0.066355236,0.13255776,stop
0.77960485,0.07131232,-0.111447334,-0.015806139,-0.039935317,0.22602014,stop
0.77960485,0.07131232,-0.111447334,-0.015806139,-0.039935317,0.22602014,stop
1.4243014,0.0037878603,0.12521076,-0.0023671028,-0.0081703225,0.08735373,stop
1.4243014,0.0037878603,0.12521076,-0.0023671028,-0.0081703225,0.08735373,stop
0.57446086,-0.4869215,0.017394066,-0.0035888334,-0.009392053,-0.0030543262,stop
0.57446086,-0.4869215,0.017394066,-0.0066431593,0.025427265,0.19547687,stop
0.5358933,0.06258025,0.16576576,-0.0066431593,0.025427265,0.19547687,stop
0.5358933,0.06258025,0.16576576,-0.0066431593,0.025427265,0.19547687,stop
0.6240292,0.35665292,0.14683819,-0.007254025,0.032757647,0.25595254,stop
0.6240292,0.35665292,0.14683819,-0.007254025,0.032757647,0.25595254,stop
0.71853,0.17354244,0.09914303,0.019013181,0.046196684,0.11911872,stop
0.7257154,0.16925184,0.09932518,0.019013181,0.046196684,0.11911872,stop
0.7257154,0.16925184,0.09932518,0.021456642,0.05963572,0.05131268,stop
0.7257154,0.16925184,0.09932518,0.021456642,0.05963572,0.05131268,stop
0.39262775,-0.41645,0.04932022,0.014126259,0.044974953,0.10567969,stop
0.39262775,-0.41645,0.04932022,0.014126259,0.044974953,0.10567969,stop
0.5820152,-0.13487215,-0.041526794,0.00496328,-0.020387627,0.18753563,stop
0.75627494,0.16075772,-0.14239407,0.00496328,-0.020387627,0.18753563,stop
0.75627494,0.16075772,-0.14239407,-0.0035888334,-0.038713586,0.15760323,stop
0.75627494,0.16075772,-0.14239407,-0.0035888334,-0.038713586,0.15760323,stop
1.4857359,0.1500135,0.12779427,-0.017638734,-0.04970916,0.065973446,stop
1.4857359,0.1500135,0.12779427,-0.017638734,-0.04970916,0.065973446,stop
1.1152968,0.08132461,0.15626049,-0.020082194,-0.020998493,-0.116675265,stop
1.1152968,0.08132461,0.15626049,-0.020082194,-0.020998493,-0.116675265,stop
-0.4617901,-0.21170889,0.098724365,-0.0041996986,0.016875152,-0.10140363,stop
-0.4617901,-0.21170889,0.098724365,-0.0041996986,0.016875152,-0.10140363,stop
-0.8871385,0.01886186,0.0054750443,7.6358156E-5,0.06085745,0.16432275,stop
-0.8871385,0.01886186,0.0054750443,7.6358156E-5,0.06085745,0.16432275,stop
0.38844937,0.012973532,0.11839104,-0.0023671028,0.018707749,0.26145032,stop
1.2071859,0.04053454,0.17121506,-0.0023671028,0.018707749,0.26145032,stop
1.2071859,0.04053454,0.17121506,-5.345071E-4,0.03153592,0.12889257,stop
1.2071859,0.04053454,0.17121506,-5.345071E-4,0.03153592,0.12889257,stop
0.6476315,-0.010948092,0.1619091,0.0012980887,0.015042556,0.08552113,stop
0.6476315,-0.010948092,0.1619091,0.0012980887,0.015042556,0.08552113,stop
-0.23823524,-0.14150912,0.020718575,6.872234E-4,0.03520111,0.19181168,stop
-0.23823524,-0.14150912,0.020718575,6.872234E-4,0.03520111,0.19181168,stop
-0.2659525,0.010397449,0.023311615,-0.0066431593,0.020540344,0.25961772,stop
-0.2659525,0.010397449,0.023311615,-0.0066431593,0.020540344,0.25961772,stop
0.09519297,-0.29183286,-0.050748825,-0.007254025,0.0107665,0.36346483,stop
0.09519297,-0.29183286,-0.050748825,-0.007254025,0.0107665,0.36346483,stop
1.1961153,-0.13646555,0.030726433,-0.0139735425,0.037033707,0.38423425,stop
1.1961153,-0.13646555,0.030726433,-0.0139735425,0.037033707,0.38423425,stop
0.9562253,-0.040535763,-0.009801865,-0.0023671028,-0.011835515,0.18387043,stop
0.9562253,-0.040535763,-0.009801865,-0.0023671028,-0.011835515,0.18387043,stop
0.06613785,-0.16983183,0.109648705,6.872234E-4,-0.05093089,0.08246681,stop
0.06613785,-0.16983183,0.109648705,6.872234E-4,-0.05093089,0.08246681,stop
0.18243748,-0.05098316,0.05416107,-0.002977968,-0.045433104,0.23823744,stop
0.18243748,-0.05098316,0.05416107,-0.002977968,-0.045433104,0.23823744,stop
0.9087529,-0.17887327,-0.0035514832,-0.002977968,0.0022143866,0.36835176,stop
0.9087529,-0.17887327,-0.0035514832,-0.002977968,0.0022143866,0.36835176,stop
0.83155227,-0.12995586,0.20709419,-0.012751812,0.016264288,0.2968805,stop
0.83155227,-0.12995586,0.20709419,-0.012751812,0.016264288,0.2968805,stop
0.29233313,-0.08499549,0.070863724,-0.018860465,0.018707749,0.26633725,stop
0.29233313,-0.08499549,0.070863724,-0.018860465,0.018707749,0.26633725,stop
0.1272712,-0.13353889,0.042258263,-0.023747386,-0.020998493,0.41050145,stop
0.1272712,-0.13353889,0.042258263,-0.023747386,-0.020998493,0.41050145,stop
1.072531,-0.17252818,0.010964394,-0.02985604,-0.030772336,0.47158796,stop
1.072531,-0.17252818,0.010964394,-0.02985604,-0.030772336,0.47158796,stop
2.1425142,0.21632817,0.06581688,-0.02313652,-0.001450805,0.20708331,stop
2.1425142,0.21632817,0.06581688,-0.02313652,-0.001450805,0.20708331,stop
1.1180916,0.05373597,0.15206432,-0.007254025,0.01198823,0.0018325958,stop
1.1180916,0.05373597,0.15206432,-0.007254025,0.01198823,0.0018325958,stop
0.31631118,-0.10221028,0.029964447,0.0031306844,-0.005726862,0.23090707,stop
0.31631118,-0.10221028,0.029964447,0.0031306844,-0.005726862,0.23090707,stop
1.3920368,0.31383112,0.101677895,0.0055741454,3.8179077E-4,0.38912117,stop
1.3920368,0.31383112,0.101677895,0.0055741454,3.8179077E-4,0.38912117,stop
2.7516413,0.3000997,0.19496918,0.0037415496,-0.031994067,0.26328292,stop
2.7516413,0.3000997,0.19496918,0.0037415496,-0.031994067,0.26328292,stop
2.7633796,-0.15104793,0.08451176,0.0067958757,-0.01366811,0.23335053,stop
2.7633796,-0.15104793,0.08451176,0.0067958757,-0.01366811,0.23335053,stop
1.4794832,-0.4251928,0.098711014,0.014737124,0.011377365,0.23518312,stop
1.4794832,-0.4251928,0.098711014,0.014737124,0.011377365,0.23518312,stop
1.6301744,-0.3818442,0.057930946,0.015958855,0.01198823,0.2284636,stop
1.6301744,-0.3818442,0.057930946,0.015958855,0.01198823,0.2284636,stop
3.1552238,0.00226368,-0.035502434,0.008628472,0.026648996,0.03176499,stop
3.1552238,0.00226368,-0.035502434,0.008628472,0.026648996,0.03176499,stop
4.063654,-0.104508474,0.09371376,0.004352415,-0.003894266,-0.07086037,stop
4.063654,-0.104508474,0.09371376,0.004352415,-0.003894266,-0.07086037,stop
2.911295,-0.38673857,0.03366947,-5.345071E-4,0.0071013086,-0.05375614,stop
2.911295,-0.38673857,0.03366947,-5.345071E-4,0.0071013086,-0.05375614,stop
2.558077,-0.007831097,0.050312042,7.6358156E-5,0.016264288,0.040927973,stop
2.558077,-0.007831097,0.050312042,7.6358156E-5,0.016264288,0.040927973,stop
0.3942409,0.0017862022,0.07897949,-0.0011453723,0.008323039,-0.0018325958,stop
0.3942409,0.0017862022,0.07897949,-0.0011453723,0.008323039,-0.0018325958,stop
0.34939408,-0.014482245,0.07413864,-0.0011453723,0.008323039,-0.002443461,stop
0.34939408,-0.014482245,0.07413864,-0.0011453723,0.008323039,-0.002443461,stop
0.3231032,-0.026068702,0.07167053,-0.0023671028,-0.0051159966,-0.0036651916,stop
0.3231032,-0.026068702,0.07167053,-0.0023671028,-0.0051159966,-0.0036651916,stop
0.31999257,-0.018348455,0.06439209,-0.0017562376,9.92656E-4,-0.0018325958,stop
0.31999257,-0.018348455,0.06439209,-0.0017562376,9.92656E-4,-0.0018325958,stop
0.31373125,-0.03233397,0.04040718,-0.0011453723,0.003436117,-0.0018325958,stop
0.31373125,-0.03233397,0.04040718,-0.0011453723,0.003436117,-0.0018325958,stop
0.34884226,-0.017543122,0.06193447,7.6358156E-5,0.0046578473,-0.0,stop
0.34884226,-0.017543122,0.06193447,7.6358156E-5,0.0046578473,-0.0,stop
0.29487917,-0.030847684,0.06740093,7.6358156E-5,0.004046982,-0.0012217305,stop
0.29487917,-0.030847684,0.06740093,7.6358156E-5,0.004046982,-0.0012217305,stop
0.18309458,-0.013511106,0.07024193,-0.0011453723,9.92656E-4,0.0012217305,stop
0.18309458,-0.013511106,0.07024193,-0.0011453723,9.92656E-4,0.0012217305,stop
0.13003495,-0.018995062,0.047837257,-0.0017562376,-2.2907447E-4,-0.0,stop
0.13003495,-0.018995062,0.047837257,-0.0017562376,-2.2907447E-4,-0.0,stop
0.08237456,-0.0082203895,0.033132553,-5.345071E-4,0.0016035213,-0.0018325958,stop
0.08237456,-0.0082203895,0.033132553,-5.345071E-4,0.0016035213,-0.0018325958,stop
0.07265705,0.0060046315,0.07370758,7.6358156E-5,-2.2907447E-4,-0.0018325958,stop
0.07265705,0.0060046315,0.07370758,7.6358156E-5,-2.2907447E-4,-0.0018325958,stop
0.03562787,0.011906788,0.06647968,-5.345071E-4,-0.0020616702,-0.0012217305,stop
0.03562787,0.011906788,0.06647968,-5.345071E-4,-0.0020616702,-0.0012217305,stop
0.021380696,0.0029668212,0.05210495,-0.0017562376,-0.0032834008,-0.0012217305,stop
0.021380696,0.0029668212,0.05210495,-0.0017562376,-0.0032834008,-0.0012217305,stop
0.0025554292,-0.010449573,0.05451393,-5.345071E-4,9.92656E-4,-0.0018325958,stop
0.0025554292,-0.010449573,0.05451393,-0.0011453723,0.0052687125,-0.0012217305,stop
-0.006800136,0.017019823,0.047353745,-0.0011453723,0.0052687125,-0.0012217305,stop
-0.006800136,0.017019823,0.047353745,-0.0011453723,0.0052687125,-0.0012217305,stop
0.0036026454,0.0027140677,0.06650925,-5.345071E-4,0.0016035213,-0.0012217305,stop
0.0036026454,0.0027140677,0.06650925,-5.345071E-4,0.0016035213,-0.0012217305,stop
0.021086335,-0.009534314,0.059324265,-5.345071E-4,-0.0020616702,-0.0018325958,stop
0.021086335,-0.009534314,0.059324265,-5.345071E-4,-0.0020616702,-0.0018325958,stop
0.0028168382,-0.016444638,0.05693531,-5.345071E-4,3.8179077E-4,-0.0012217305,stop
0.0028168382,-0.016444638,0.05693531,-5.345071E-4,3.8179077E-4,-0.0012217305,stop
0.004168025,0.015481383,0.056951523,6.872234E-4,0.003436117,-0.0012217305,stop
0.004168025,0.015481383,0.056951523,6.872234E-4,0.003436117,-0.0012217305,stop
0.02063679,9.835362E-4,0.049767494,-0.0011453723,0.0028252518,-0.0018325958,stop
0.02063679,9.835362E-4,0.049767494,-0.0011453723,0.0028252518,-0.0018325958,stop
0.012050586,-0.011464238,0.06891441,7.6358156E-5,9.92656E-4,-6.1086525E-4,stop
0.012050586,-0.011464238,0.06891441,7.6358156E-5,9.92656E-4,-6.1086525E-4,stop
-0.019446911,-0.004276946,0.06173134,-5.345071E-4,0.0022143866,-6.1086525E-4,stop
-0.019446911,-0.004276946,0.06173134,-5.345071E-4,0.0022143866,-6.1086525E-4,stop
-0.026158793,-0.0045593977,0.073698044,-5.345071E-4,-2.2907447E-4,-6.1086525E-4,stop
-0.025622137,0.0048795044,0.07129955,-5.345071E-4,-2.2907447E-4,-6.1086525E-4,stop
-0.025622137,0.0048795044,0.07129955,7.6358156E-5,0.0022143866,-6.1086525E-4,stop
-0.025622137,0.0048795044,0.07129955,7.6358156E-5,0.0022143866,-6.1086525E-4,stop
-0.016300358,0.003969088,0.05452156,-0.0011453723,0.0016035213,-0.0012217305,stop
-0.016300358,0.003969088,0.05452156,-0.0011453723,0.0016035213,-0.0012217305,stop
0.015878424,-0.0015718639,0.05211258,-5.345071E-4,-0.001450805,-0.0012217305,stop
0.015878424,-0.0015718639,0.05211258,-5.345071E-4,-0.001450805,-0.0012217305,stop
-0.006142649,-0.008775115,0.071266174,-5.345071E-4,-0.0032834008,-0.0012217305,stop
-0.006142649,-0.008775115,0.071266174,-5.345071E-4,-0.0032834008,-0.0012217305,stop
-0.009298971,0.003304541,0.076057434,-0.0011453723,-0.0032834008,-6.1086525E-4,stop
-0.009298971,0.003304541,0.076057434,-0.0011453723,-0.0032834008,-6.1086525E-4,stop
-0.009696556,0.007808253,0.06647587,-5.345071E-4,-0.001450805,-0.0012217305,stop
-0.009696556,0.007808253,0.06647587,-5.345071E-4,-0.001450805,-0.0012217305,stop
0.005245532,-0.009134576,0.07126045,-0.0011453723,-8.399397E-4,-6.1086525E-4,stop
0.005245532,-0.009134576,0.07126045,-0.0011453723,-8.399397E-4,-6.1086525E-4,stop
-0.0011913972,-0.014246345,0.037734985,7.6358156E-5,-0.0020616702,-0.0012217305,stop
-0.0011913972,-0.014246345,0.037734985,7.6358156E-5,-0.0020616702,-0.0012217305,stop
-0.0010127751,-0.0045268685,0.040132523,-5.345071E-4,-0.0081703225,-0.0018325958,stop
-0.0010127751,-0.0045268685,0.040132523,-5.345071E-4,-0.0081703225,-0.0018325958,stop
5.8014225E-4,-0.0042030364,0.061685562,-5.345071E-4,-0.010002919,-0.0012217305,stop
5.8014225E-4,-0.0042030364,0.061685562,-5.345071E-4,-0.010002919,-0.0012217305,stop
0.013576471,-0.0038606673,0.07605839,-5.345071E-4,-0.01366811,-0.002443461,stop
0.013576471,-0.0038606673,0.07605839,-5.345071E-4,-0.01366811,-0.002443461,stop
0.023851924,-0.020200372,0.05930996,-0.0011453723,-0.006337727,-0.0012217305,stop
0.023851924,-0.020200372,0.05930996,-0.0011453723,-0.006337727,-0.0012217305,stop
0.027459595,0.0019960254,0.049746513,7.6358156E-5,-8.399397E-4,-0.0018325958,stop
0.027459595,0.0019960254,0.049746513,7.6358156E-5,-8.399397E-4,-0.0018325958,stop
0.0046349205,0.016841665,0.0593338,-5.345071E-4,-2.2907447E-4,-6.1086525E-4,stop
0.0046349205,0.016841665,0.0593338,-5.345071E-4,-2.2907447E-4,-6.1086525E-4,stop
-0.0127696255,0.02138114,0.07369614,-0.0017562376,0.0016035213,-0.0,stop
-0.0127696255,0.02138114,0.07369614,-0.0017562376,0.0016035213,-0.0,stop
-0.017435549,-0.0034888685,0.059313774,-0.0017562376,0.0022143866,-6.1086525E-4,stop
-0.017435549,-0.0034888685,0.059313774,-0.0017562376,0.0022143866,-6.1086525E-4,stop
-0.002054763,0.001440689,0.059314728,-0.0017562376,0.0016035213,6.1086525E-4,stop
-0.002054763,0.001440689,0.059314728,-0.0011453723,-2.2907447E-4,-0.0012217305,stop
0.0053127464,0.011301458,0.05692482,-0.0011453723,-2.2907447E-4,-0.0012217305,stop
0.0053127464,0.011301458,0.05692482,-0.0011453723,-2.2907447E-4,-0.0012217305,stop
-0.0063099917,-0.0055639446,0.071287155,-5.345071E-4,-2.2907447E-4,-6.1086525E-4,stop
-0.0063099917,-0.0055639446,0.071287155,-5.345071E-4,-2.2907447E-4,-6.1086525E-4,stop
-0.008577092,0.016009346,0.07368183,-5.345071E-4,3.8179077E-4,-6.1086525E-4,stop
-0.008577092,0.016009346,0.07368183,-5.345071E-4,3.8179077E-4,-6.1086525E-4,stop
0.025677104,-0.0015893877,0.04493618,7.6358156E-5,-0.0020616702,-6.1086525E-4,stop
0.025677104,-0.0015893877,0.04493618,7.6358156E-5,-0.0020616702,-6.1086525E-4,stop
0.034613773,-0.006333083,0.05930233,-5.345071E-4,-0.0081703225,-6.1086525E-4,stop
0.034613773,-0.006333083,0.05930233,-5.345071E-4,-0.016111571,-6.1086525E-4,stop
0.0074776523,0.001129359,0.056919098,-5.345071E-4,-0.016111571,-6.1086525E-4,stop
0.0074776523,0.001129359,0.056919098,-5.345071E-4,-0.016111571,-6.1086525E-4,stop
-0.01286328,-0.003447771,0.08565998,-0.0017562376,-0.008781188,0.0036651916,stop
-0.01286328,-0.003447771,0.08565998,-0.0017562376,-0.008781188,0.0036651916,stop
-0.0020534173,-0.036756665,0.056937218,7.6358156E-5,0.0028252518,0.01282817,stop
-0.0020534173,-0.036756665,0.056937218,7.6358156E-5,0.0028252518,0.01282817,stop
0.33052683,-0.11099625,0.04500866,-0.0017562376,-0.011224649,0.055588737,stop
0.33052683,-0.11099625,0.04500866,-0.0017562376,-0.011224649,0.055588737,stop
0.15430048,-0.29925233,0.014073372,-5.345071E-4,-0.028328875,0.18509217,stop
0.15430048,-0.29925233,0.014073372,-5.345071E-4,-0.028328875,0.18509217,stop
2.848974,-0.73682356,0.1002903,-5.345071E-4,-0.003894266,0.462425,stop
4.044267,-0.54194105,0.021297455,-5.345071E-4,-0.003894266,0.462425,stop
4.044267,-0.54194105,0.021297455,-0.0011453723,0.019318614,0.5119051,stop
3.7496014,-0.12870894,0.035681725,-0.0011453723,0.019318614,0.5119051,stop
3.7496014,-0.12870894,0.035681725,-0.0041996986,0.025427265,0.27488935,stop
3.575965,-0.024114385,-0.0073871613,-0.0041996986,0.025427265,0.27488935,stop
3.575965,-0.024114385,-0.0073871613,-0.010308351,0.016264288,0.05009095,stop
3.575965,-0.024114385,-0.0073871613,-0.010308351,0.016264288,0.05009095,stop
3.744701,-0.1096672,0.08605957,-0.017027868,-0.011835515,-0.16737708,stop
3.744701,-0.1096672,0.08605957,-0.017027868,-0.011835515,-0.16737708,stop
3.4781888,-0.6093267,-0.043128967,-0.00908662,0.029092457,-0.43676865,stop
3.4781888,-0.6093267,-0.043128967,-0.00908662,0.029092457,-0.43676865,stop
2.353206,-0.33455175,-0.0047750473,-0.0041996986,0.02603813,-0.45875978,stop
2.353206,-0.33455175,-0.0047750473,-0.0041996986,0.02603813,-0.45875978,stop
1.807741,0.18111071,0.100598335,-0.0023671028,0.02603813,-0.2950479,stop
2.2164853,0.31262225,0.16284752,-0.0023671028,0.02603813,-0.2950479,stop
2.2164853,0.31262225,0.16284752,0.011682798,0.041309763,-0.24556783,stop
2.6468558,0.18629864,0.16276646,0.011682798,0.041309763,-0.24556783,stop
2.6468558,0.18629864,0.16276646,0.017180584,-0.058872137,-0.37323865,stop
2.6468558,0.18629864,0.16276646,0.017180584,-0.058872137,-0.37323865,stop
1.025456,0.10409161,0.021461487,0.033673946,0.033368513,-0.6084218,stop
-0.8530878,-0.05332373,0.36373425,0.033673946,0.033368513,-0.6084218,stop
-0.8530878,-0.05332373,0.36373425,0.013515393,-0.039935317,-0.49113566,stop
-0.8530878,-0.05332373,0.36373425,0.013515393,-0.039935317,-0.49113566,stop
-1.3256208,-0.094613194,-0.06480408,0.0061850105,-0.01366811,-0.2510656,stop
-1.3256208,-0.094613194,-0.06480408,0.0061850105,-0.01366811,-0.2510656,stop
-0.3339174,-0.2875682,-0.10072899,0.009850202,0.12377657,-0.13744467,stop
-0.3339174,-0.2875682,-0.10072899,0.009850202,0.12377657,-0.13744467,stop
1.4712257,-0.21682,0.0691185,0.0061850105,0.022983804,-0.28344148,stop
1.4712257,-0.21682,0.0691185,0.0061850105,0.022983804,-0.28344148,stop
-0.6660996,-0.10377596,0.260602,0.0067958757,-0.069867715,-0.28527406,stop
-0.6660996,-0.10377596,0.260602,0.0067958757,-0.069867715,-0.28527406,stop
-0.6660996,-0.10377596,0.260602,0.0067958757,-0.069867715,-0.28527406,stop
-0.23811129,0.3924774,-0.040994644,0.008628472,-0.020387627,-0.11301007,stop
-0.120575234,0.1079683,0.08111,-0.0023671028,0.020540344,-0.17348573,stop
-0.120575234,0.1079683,0.08111,-0.0023671028,0.020540344,-0.17348573,stop
0.20951617,-0.1769637,0.021220207,-0.010919216,-0.0032834008,-0.35979962,stop
0.20951617,-0.1769637,0.021220207,-0.010919216,-0.0032834008,-0.35979962,stop
0.008779697,-0.11338639,0.24158478,-0.012751812,-0.0753655,-0.34147367,stop
-0.37636518,0.19643143,0.13159943,-0.012751812,-0.0753655,-0.34147367,stop
-0.37636518,0.19643143,0.13159943,-5.345071E-4,-0.07047858,-0.30726522,stop
-0.37636518,0.19643143,0.13159943,-5.345071E-4,-0.07047858,-0.30726522,stop
-0.5445205,-0.098475724,0.24664783,-0.0011453723,0.0016035213,-0.29077184,stop
0.08743836,-0.05973074,0.01677227,-0.0011453723,0.0016035213,-0.29077184,stop
0.08743836,-0.05973074,0.01677227,0.008628472,-0.014278975,-0.24129178,stop
0.08743836,-0.05973074,0.01677227,0.008628472,-0.014278975,-0.24129178,stop
0.4160021,-0.26053134,-0.07182884,0.0129045285,-0.020387627,-0.35796702,stop
0.4160021,-0.26053134,-0.07182884,0.0129045285,-0.020387627,-0.35796702,stop
-1.4864798,-0.056464314,-0.14845753,7.6358156E-5,0.032757647,-0.38423425,stop
-1.4864798,-0.056464314,-0.14845753,7.6358156E-5,0.032757647,-0.38423425,stop
-2.0131145,0.40116042,0.071759224,-0.012751812,-0.016111571,-0.1142318,stop
-2.0131145,0.40116042,0.071759224,-0.012751812,-0.016111571,-0.1142318,stop
-0.42808542,0.007743463,0.24658966,-0.022525655,-0.039935317,0.04337143,stop
-0.42808542,0.007743463,0.24658966,-0.022525655,-0.039935317,0.04337143,stop
0.4994484,0.030093625,0.043154716,-0.008475755,-0.006948592,-0.10567969,stop
0.4994484,0.030093625,0.043154716,-0.008475755,-0.006948592,-0.10567969,stop
-0.42283618,-0.21632461,-0.011875153,0.0012980887,-0.04604397,-0.31764993,stop
-0.42283618,-0.21632461,-0.011875153,0.0012980887,-0.04604397,-0.31764993,stop
-1.2433748,0.15187334,0.2037344,-0.0041996986,-0.003894266,-0.13255776,stop
-1.2433748,0.15187334,0.2037344,-0.0041996986,-0.003894266,-0.13255776,stop
-1.1912899,-0.09720111,0.12467003,0.0037415496,0.012599096,-0.053145275,stop
-1.1912899,-0.09720111,0.12467003,0.0037415496,0.012599096,-0.053145275,stop
-0.1829831,-0.29754692,-0.21060848,0.020845776,0.08162687,-0.100792766,stop
-0.1829831,-0.29754692,-0.21060848,0.020845776,0.08162687,-0.100792766,stop
-0.3525863,-0.28667352,0.028636932,0.023289237,-0.0051159966,-0.16493362,stop
-0.3525863,-0.28667352,0.028636932,0.023289237,-0.0051159966,-0.16493362,stop
-0.49027565,-0.02765955,-0.05279827,0.011682798,-0.029550606,-0.15210545,stop
-0.49027565,-0.02765955,-0.05279827,0.011682798,-0.029550606,-0.15210545,stop
-0.53174525,-0.35754055,0.22978115,0.0037415496,-0.07841983,-0.03481932,stop
-0.53174525,-0.35754055,0.22978115,0.0037415496,-0.07841983,-0.03481932,stop
-0.22909078,0.40418226,0.18439865,0.01779145,-0.024663685,-0.03176499,stop
-0.22909078,0.40418226,0.18439865,0.01779145,-0.024663685,-0.03176499,stop
-0.114342555,-0.3021599,0.15080547,0.021456642,0.0028252518,-0.105068825,stop
-0.114342555,-0.3021599,0.15080547,0.021456642,0.0028252518,-0.105068825,stop
0.21713693,0.24593362,0.1411705,0.025732698,-0.04665483,-0.18997909,stop
0.21713693,0.24593362,0.1411705,0.025732698,-0.04665483,-0.18997909,stop
-0.79114985,-0.30991682,-0.0024871826,0.008628472,0.0071013086,-0.22785273,stop
-0.79114985,-0.30991682,-0.0024871826,0.008628472,0.0071013086,-0.22785273,stop
-0.84923476,0.09831573,0.074085236,-0.0017562376,0.015653422,-0.044593163,stop
-0.84923476,0.09831573,0.074085236,-0.0017562376,0.015653422,-0.044593163,stop
0.42980117,-0.08308512,0.035778046,-5.345071E-4,-0.023441954,0.049480084,stop
0.6866168,-0.14711438,0.021447182,-5.345071E-4,-0.023441954,0.049480084,stop
0.6866168,-0.14711438,0.021447182,0.0055741454,0.03153592,-0.20769419,stop
0.6866168,-0.14711438,0.021447182,0.0055741454,0.03153592,-0.20769419,stop
-0.31748098,0.0068989396,0.033340454,0.0031306844,-0.016722437,-0.3005457,stop
-0.31748098,0.0068989396,0.033340454,0.0031306844,-0.016722437,-0.3005457,stop
-0.42786038,-0.005945429,0.031003952,-0.0048105638,-0.045433104,-0.1600467,stop
-0.42786038,-0.005945429,0.031003952,-0.0048105638,-0.045433104,-0.1600467,stop
-0.14392957,0.16019055,0.04310608,-0.006032294,0.019318614,-0.10323623,stop
-0.14392957,0.16019055,0.04310608,-0.006032294,0.019318614,-0.10323623,stop
-0.08425878,-0.3150208,-0.01679802,-0.009697486,0.018096883,-0.19303341,stop
-0.08425878,-0.3150208,-0.01679802,-0.009697486,0.018096883,-0.19303341,stop
-0.65620226,-0.050044447,0.07666588,-0.015195273,-0.071700305,-0.37934732,stop
-0.65620226,-0.050044447,0.07666588,-0.015195273,-0.071700305,-0.37934732,stop
-0.593619,0.08827403,0.25172806,-0.008475755,-0.088804536,-0.34391713,stop
-0.593619,0.08827403,0.25172806,-0.008475755,-0.088804536,-0.34391713,stop
-0.34648475,-0.5059998,-0.044877052,0.022067508,-0.006337727,-0.27855456,stop
-0.34648475,-0.5059998,-0.044877052,0.022067508,-0.006337727,-0.27855456,stop
-0.3816375,-0.039172947,0.115449905,-0.00908662,-0.017944166,-0.2864958,stop
-0.69115686,-0.016925022,-0.025829315,-0.00908662,-0.017944166,-0.2864958,stop
-0.69115686,-0.016925022,-0.025829315,-0.006032294,0.040698897,-0.36346483,stop
-0.69115686,-0.016925022,-0.025829315,-0.006032294,0.040698897,-0.36346483,stop
-1.2095752,0.21058786,-0.042650223,-0.005421429,-0.08391761,-0.27550024,stop
-1.2095752,0.21058786,-0.042650223,-0.005421429,-0.08391761,-0.27550024,stop
0.028501034,0.15844369,0.21384048,-0.010308351,-0.065591656,-0.24495697,stop
0.028501034,0.15844369,0.21384048,-0.010308351,-0.065591656,-0.24495697,stop
-0.16565675,-0.37773883,0.13019085,0.004352415,0.008933905,-0.4709771,stop
-0.16565675,-0.37773883,0.13019085,0.004352415,0.008933905,-0.4709771,stop
-0.69502854,-0.41636437,8.2302094E-4,-5.345071E-4,-2.2907447E-4,-0.48441613,stop
-0.69502854,-0.41636437,8.2302094E-4,-5.345071E-4,-2.2907447E-4,-0.48441613,stop
-1.2985644,-0.3670877,0.14930153,-0.0011453723,-0.04298964,-0.30176744,stop
-1.2985644,-0.3670877,0.14930153,-0.0011453723,-0.04298964,-0.30176744,stop
-2.2867289,-0.102528766,0.103928566,0.009850202,-0.055817813,-0.07574729,stop
-2.0744839,0.0952052,0.10647869,0.009850202,-0.055817813,-0.07574729,stop
-2.0744839,0.0952052,0.10647869,-0.006032294,-0.036270123,-0.12217305,stop
-2.0744839,0.0952052,0.10647869,-0.006032294,-0.036270123,-0.12217305,stop
-2.8721728,0.040812716,0.037117958,-0.0139735425,-0.04970916,-0.21563543,stop
-2.8721728,0.040812716,0.037117958,-0.0139735425,-0.04970916,-0.21563543,stop
-3.3015552,-0.19335622,-0.008098602,-5.345071E-4,0.034590244,-0.19486602,stop
-3.5906012,-0.46111667,0.20002556,-5.345071E-4,0.034590244,-0.19486602,stop
-3.5906012,-0.46111667,0.20002556,-0.0023671028,0.019318614,0.01282817,stop
-3.5906012,-0.46111667,0.20002556,-0.0023671028,0.019318614,0.01282817,stop
-2.4927027,-0.5277368,0.02262497,0.0025198192,0.021762075,0.055588737,stop
-0.043791503,0.0041745007,0.06797886,0.0025198192,0.021762075,0.055588737,stop
-0.043791503,0.0041745007,0.06797886,-0.0011453723,-2.2907447E-4,-6.1086525E-4,stop
-0.043791503,0.0041745007,0.06797886,-0.0011453723,-2.2907447E-4,-6.1086525E-4,stop
-0.019001737,-0.0048681647,0.06552696,-0.0017562376,-0.0032834008,-6.1086525E-4,stop
-0.019001737,-0.0048681647,0.06552696,-0.0017562376,-0.0032834008,-6.1086525E-4,stop
-0.036151722,0.01962857,0.07746601,-0.0011453723,-0.0051159966,6.1086525E-4,stop
-0.036151722,0.01962857,0.07746601,-0.0011453723,-0.0051159966,6.1086525E-4,stop
-0.0042381883,0.0032261014,0.06787872,6.872234E-4,-0.0020616702,-0.0,stop
-0.0042381883,0.0032261014,0.06787872,6.872234E-4,-0.0020616702,-0.0,stop
-0.017454237,0.0032477677,0.077433586,7.6358156E-5,0.0016035213,-0.0018325958,stop
-0.017454237,0.0032477677,0.077433586,7.6358156E-5,0.0016035213,-0.0018325958,stop
-0.03280361,0.012874126,0.060647964,0.0012980887,0.0046578473,-6.1086525E-4,stop
-0.03280361,0.012874126,0.060647964,0.0012980887,0.0046578473,-6.1086525E-4,stop
-0.03126283,0.012644529,0.060613632,-0.0011453723,0.0028252518,-0.0012217305,stop
-0.03126283,0.012644529,0.060613632,-0.0011453723,0.0028252518,-0.0012217305,stop
-0.025685444,0.01036413,0.06538963,-5.345071E-4,-8.399397E-4,-0.0012217305,stop
-0.025685444,0.01036413,0.06538963,-5.345071E-4,-8.399397E-4,-0.0012217305,stop
-0.0017409623,0.0014724433,0.050447464,-0.0011453723,-0.0026725354,-0.0,stop
-0.0017409623,0.0014724433,0.050447464,-0.0011453723,-0.0026725354,-0.0,stop
0.036091074,0.011334226,0.052567482,-5.345071E-4,-0.0026725354,-0.0,stop
0.009235874,0.008603692,0.057229042,-5.345071E-4,-0.0026725354,-0.0,stop
0.009235874,0.008603692,0.057229042,-5.345071E-4,0.0016035213,-6.1086525E-4,stop
0.009235874,0.008603692,0.057229042,-5.345071E-4,0.0016035213,-6.1086525E-4,stop
0.018533878,0.0076023936,0.061945915,-5.345071E-4,0.003436117,-6.1086525E-4,stop
0.018533878,0.0076023936,0.061945915,-5.345071E-4,0.003436117,-6.1086525E-4,stop
0.046240516,-1.07795E-4,0.054739,-0.0011453723,-2.2907447E-4,-6.1086525E-4,stop
0.046240516,-1.07795E-4,0.054739,-0.0011453723,-2.2907447E-4,-6.1086525E-4,stop
0.051064536,0.01345256,0.059544563,-0.0017562376,-0.0020616702,-6.1086525E-4,stop
0.051064536,0.01345256,0.059544563,-0.0017562376,-0.0020616702,-6.1086525E-4,stop
0.046507165,0.01228562,0.061980247,7.6358156E-5,-8.399397E-4,-0.0018325958,stop
0.046507165,0.01228562,0.061980247,-5.345071E-4,-0.001450805,-0.0012217305,stop
0.02712445,-0.008503541,0.071600914,-5.345071E-4,-0.001450805,-0.0012217305,stop
0.02712445,-0.008503541,0.071600914,-5.345071E-4,-0.001450805,-0.0012217305,stop
0.013422668,0.0071508437,0.059672356,6.872234E-4,3.8179077E-4,-0.0012217305,stop
0.013422668,0.0071508437,0.059672356,6.872234E-4,3.8179077E-4,-0.0012217305,stop
0.029093906,-0.0035482496,0.066887856,6.872234E-4,0.0022143866,-0.0012217305,stop
0.029093906,-0.0035482496,0.066887856,6.872234E-4,0.0022143866,-0.0012217305,stop
0.023839697,0.007814139,0.066921234,-0.0011453723,0.0016035213,-6.1086525E-4,stop
0.013808161,0.0024633706,0.06695557,-0.0011453723,0.0016035213,-6.1086525E-4,stop
0.013808161,0.0024633706,0.06695557,-0.0011453723,-8.399397E-4,-0.0018325958,stop
0.013808161,0.0024633706,0.06695557,-0.0011453723,-8.399397E-4,-0.0018325958,stop
0.008448958,-5.069971E-4,0.06459808,-0.0017562376,-0.001450805,-6.1086525E-4,stop
0.008448958,-5.069971E-4,0.06459808,-0.0017562376,-0.001450805,-6.1086525E-4,stop
0.030030534,-8.646846E-4,0.062235832,-0.0011453723,0.0016035213,-6.1086525E-4,stop
0.030030534,-8.646846E-4,0.062235832,-0.0011453723,0.0016035213,-6.1086525E-4,stop
0.034804806,-0.00596188,0.06705761,7.6358156E-5,9.92656E-4,-0.0,stop
0.034804806,-0.00596188,0.06705761,7.6358156E-5,9.92656E-4,-0.0,stop
0.032129496,0.017723434,0.05512619,-5.345071E-4,0.0016035213,-6.1086525E-4,stop
0.032129496,0.017723434,0.05512619,-5.345071E-4,0.0016035213,-6.1086525E-4,stop
-0.0037353039,0.014837585,0.062339783,-5.345071E-4,-0.0020616702,-0.0012217305,stop
-0.0037353039,0.014837585,0.062339783,-5.345071E-4,-0.0020616702,-0.0012217305,stop
0.018329337,0.00942497,0.07912159,-0.0011453723,-8.399397E-4,-6.1086525E-4,stop
0.018329337,0.00942497,0.07912159,-0.0011453723,-8.399397E-4,-6.1086525E-4,stop
-0.006563276,-0.017091006,0.048009872,-5.345071E-4,-2.2907447E-4,-0.0012217305,stop
-0.006563276,-0.017091006,0.048009872,-5.345071E-4,-2.2907447E-4,-0.0012217305,stop
0.007930726,0.0020461977,0.074344635,7.6358156E-5,-2.2907447E-4,-6.1086525E-4,stop
0.007930726,0.0020461977,0.074344635,7.6358156E-5,-2.2907447E-4,-6.1086525E-4,stop
-0.0040257573,0.0068695694,0.057584763,-0.0011453723,9.92656E-4,-0.0012217305,stop
-0.0040257573,0.0068695694,0.057584763,-0.0011453723,9.92656E-4,-0.0012217305,stop
-0.0038314909,0.009490326,0.08152676,7.6358156E-5,3.8179077E-4,-0.0012217305,stop
0.005688682,-0.0076463968,0.05997467,7.6358156E-5,3.8179077E-4,-0.0012217305,stop
0.005688682,-0.0076463968,0.05997467,-5.345071E-4,9.92656E-4,-0.0012217305,stop
0.005688682,-0.0076463968,0.05997467,-5.345071E-4,9.92656E-4,-0.0012217305,stop
-0.0040686727,-0.0029564202,0.0719471,-0.0017562376,9.92656E-4,-0.0012217305,stop
-0.0040686727,-0.0029564202,0.0719471,-0.0017562376,9.92656E-4,-0.0012217305,stop
7.222891E-4,-0.007598847,0.07913208,-0.0011453723,-0.0020616702,-0.0012217305,stop
7.222891E-4,-0.007598847,0.07913208,-0.0011453723,-0.0020616702,-0.0012217305,stop
-0.0022111386,-7.1799755E-4,0.07913685,7.6358156E-5,-8.399397E-4,-6.1086525E-4,stop
-0.0022111386,-7.1799755E-4,0.07913685,7.6358156E-5,-8.399397E-4,-6.1086525E-4,stop
0.0050436705,-0.00546816,0.06716442,-5.345071E-4,-0.001450805,-6.1086525E-4,stop
0.0050436705,-0.00546816,0.06716442,-5.345071E-4,-0.001450805,-6.1086525E-4,stop
0.018880367,-0.0031393915,0.06477928,7.6358156E-5,0.0016035213,-6.1086525E-4,stop
0.018880367,-0.0031393915,0.06477928,7.6358156E-5,0.0016035213,-6.1086525E-4,stop
-0.010346219,0.011090457,0.08154392,7.6358156E-5,0.0071013086,-0.0012217305,stop
-0.010346219,0.011090457,0.08154392,7.6358156E-5,0.0071013086,-0.0012217305,stop
-0.01841496,0.0037618428,0.095882416,0.0012980887,0.009544769,-6.1086525E-4,stop
-0.01841496,0.0037618428,0.095882416,0.0012980887,0.009544769,-6.1086525E-4,stop
0.035055906,-0.0016667694,0.1317358,0.0037415496,0.02359467,0.0012217305,stop
0.035055906,-0.0016667694,0.1317358,0.0037415496,0.02359467,0.0012217305,stop
0.013158381,0.01804386,-0.2514696,0.0092393365,0.039477166,6.1086525E-4,stop
0.013158381,0.01804386,-0.2514696,0.0092393365,0.039477166,6.1086525E-4,stop
0.021843642,-0.047333926,0.14829254,-0.02313652,-0.0894154,-0.002443461,stop
0.021843642,-0.047333926,0.14829254,-0.02313652,-0.0894154,-0.002443461,stop
0.0086196065,0.0057810396,0.059800148,7.6358156E-5,9.92656E-4,-6.1086525E-4,stop
0.0086196065,0.0057810396,0.059800148,7.6358156E-5,9.92656E-4,-6.1086525E-4,stop
0.028873116,0.010911107,0.06696987,-5.345071E-4,-8.399397E-4,-0.0018325958,stop
0.028873116,0.010911107,0.06696987,-5.345071E-4,-8.399397E-4,-0.0018325958,stop
0.0048129857,-0.0032799244,0.06936836,-5.345071E-4,3.8179077E-4,6.1086525E-4,stop
0.0048129857,-0.0032799244,0.06936836,-5.345071E-4,3.8179077E-4,6.1086525E-4,stop
0.014916182,-0.01928088,0.06697655,7.6358156E-5,-2.2907447E-4,-0.0012217305,stop
0.014916182,-0.01928088,0.06697655,7.6358156E-5,-2.2907447E-4,-0.0012217305,stop
0.016899168,8.019209E-4,0.07178402,7.6358156E-5,9.92656E-4,-6.1086525E-4,stop
0.016899168,8.019209E-4,0.07178402,7.6358156E-5,9.92656E-4,-6.1086525E-4,stop
0.014243275,-0.0061089694,0.074186325,6.872234E-4,3.8179077E-4,-0.0018325958,stop
0.014243275,-0.0061089694,0.074186325,6.872234E-4,3.8179077E-4,-0.0018325958,stop
0.012052789,0.0033872724,0.07178688,-5.345071E-4,9.92656E-4,-0.0018325958,stop
0.012052789,0.0033872724,0.07178688,-5.345071E-4,9.92656E-4,-0.0018325958,stop
0.0037492067,-0.0034494698,0.08378124,7.6358156E-5,3.8179077E-4,-0.0012217305,stop
0.0037492067,-0.0034494698,0.08378124,7.6358156E-5,3.8179077E-4,-0.0012217305,stop
-0.008716792,-0.005626887,0.086185455,-5.345071E-4,-2.2907447E-4,-0.0012217305,stop
-0.008716792,-0.005626887,0.086185455,-5.345071E-4,-2.2907447E-4,-0.0012217305,stop
0.0077655613,0.018838294,0.062253952,-5.345071E-4,9.92656E-4,-0.0012217305,stop
0.0077655613,0.018838294,0.062253952,-5.345071E-4,9.92656E-4,-0.0012217305,stop
0.005572766,-0.019774348,0.057458878,-5.345071E-4,-2.2907447E-4,-0.0,stop
0.005572766,-0.019774348,0.057458878,-5.345071E-4,-2.2907447E-4,-0.0,stop
0.017622098,0.004320875,0.06464195,-5.345071E-4,-2.2907447E-4,-6.1086525E-4,stop
0.017622098,0.004320875,0.06464195,-5.345071E-4,-2.2907447E-4,-6.1086525E-4,stop
0.03099528,0.0020515472,0.07423687,7.6358156E-5,-2.2907447E-4,-0.0012217305,stop
0.03099528,0.0020515472,0.07423687,7.6358156E-5,-2.2907447E-4,-0.0012217305,stop
-0.0033405572,-0.0026699007,0.069462776,-5.345071E-4,3.8179077E-4,-6.1086525E-4,stop
-0.0033405572,-0.0026699007,0.069462776,-5.345071E-4,3.8179077E-4,-6.1086525E-4,stop
-0.008580297,-0.0073460788,0.06468201,7.6358156E-5,-2.2907447E-4,-0.0012217305,stop
-0.008580297,-0.0073460788,0.06468201,7.6358156E-5,-2.2907447E-4,-0.0012217305,stop
0.005668789,-0.01215741,0.071866035,7.6358156E-5,3.8179077E-4,-6.1086525E-4,stop
0.005668789,-0.01215741,0.071866035,7.6358156E-5,3.8179077E-4,-6.1086525E-4,stop
0.027348205,0.009431943,0.0838356,7.6358156E-5,-2.2907447E-4,-0.0018325958,stop
0.027348205,0.009431943,0.0838356,7.6358156E-5,-2.2907447E-4,-0.0018325958,stop
-0.0041671097,0.011828944,0.06468868,-0.0011453723,-2.2907447E-4,-6.1086525E-4,stop
-0.0041671097,0.011828944,0.06468868,-0.0011453723,-2.2907447E-4,-6.1086525E-4,stop
-0.019457981,0.0019961298,0.086247444,-0.0011453723,9.92656E-4,-0.0012217305,stop
-0.019457981,0.0019961298,0.086247444,-0.0011453723,9.92656E-4,-0.0012217305,stop
-0.0025306195,-6.582141E-4,0.07427025,-0.0011453723,-2.2907447E-4,-6.1086525E-4,stop
0.0044661015,-0.015440851,0.055113792,-0.0011453723,-2.2907447E-4,-6.1086525E-4,stop
0.0044661015,-0.015440851,0.055113792,-5.345071E-4,-2.2907447E-4,-0.0012217305,stop
0.0044661015,-0.015440851,0.055113792,-5.345071E-4,-2.2907447E-4,-0.0012217305,stop
0.009147659,-0.0038509816,0.06947613,-0.0011453723,3.8179077E-4,-0.0012217305,stop
0.009147659,-0.0038509816,0.06947613,-0.0011453723,3.8179077E-4,-0.0012217305,stop
0.0016254783,0.007960111,0.062295914,-0.0011453723,3.8179077E-4,-6.1086525E-4,stop
0.0016254783,0.007960111,0.062295914,-0.0011453723,3.8179077E-4,-6.1086525E-4,stop
-0.010263041,0.012905806,0.071873665,7.6358156E-5,3.8179077E-4,-0.0012217305,stop
-0.010263041,0.012905806,0.071873665,7.6358156E-5,3.8179077E-4,-0.0012217305,stop
0.001770556,9.1308355E-4,0.06469059,-5.345071E-4,9.92656E-4,-6.1086525E-4,stop
0.001770556,9.1308355E-4,0.06469059,-5.345071E-4,9.92656E-4,-6.1086525E-4,stop
-0.0025998056,-0.001666829,0.08143902,7.6358156E-5,-2.2907447E-4,-0.0012217305,stop
-0.0025998056,-0.001666829,0.08143902,7.6358156E-5,-2.2907447E-4,-0.0012217305,stop
0.0046425164,0.0175317,0.0742569,6.872234E-4,9.92656E-4,-0.0012217305,stop
0.0046425164,0.0175317,0.0742569,6.872234E-4,9.92656E-4,-0.0012217305,stop
5.3957105E-4,-5.3857267E-4,0.05268097,-5.345071E-4,-2.2907447E-4,-0.0,stop
5.3957105E-4,-5.3857267E-4,0.05268097,-5.345071E-4,-2.2907447E-4,-0.0,stop
7.292032E-4,0.0014202744,0.081401825,-0.0011453723,3.8179077E-4,-0.0012217305,stop
7.292032E-4,0.0014202744,0.081401825,-0.0011453723,3.8179077E-4,-0.0012217305,stop
7.3708594E-4,-0.022822112,0.06463909,-0.0011453723,9.92656E-4,-0.0012217305,stop
7.3708594E-4,-0.022822112,0.06463909,-0.0011453723,9.92656E-4,-0.0012217305,stop
0.0027987063,-0.0012819618,0.06943226,-5.345071E-4,-8.399397E-4,-0.0,stop
0.0027987063,-0.0012819618,0.06943226,-5.345071E-4,-8.399397E-4,-0.0,stop
0.009931922,0.0034839362,0.07661533,7.6358156E-5,3.8179077E-4,-0.0,stop
0.009931922,0.0034839362,0.07661533,7.6358156E-5,3.8179077E-4,-0.0,stop
-0.001955703,-0.0012632608,0.062249184,-5.345071E-4,-2.2907447E-4,-6.1086525E-4,stop
-0.001955703,-0.0012632608,0.062249184,-5.345071E-4,-2.2907447E-4,-6.1086525E-4,stop
0.01002568,0.008346647,0.062249184,7.6358156E-5,3.8179077E-4,-0.0018325958,stop
0.01002568,0.008346647,0.062249184,7.6358156E-5,3.8179077E-4,-0.0018325958,stop
-0.0047131777,0.008294284,0.06464958,-5.345071E-4,-2.2907447E-4,-0.0012217305,stop
-0.0047131777,0.008294284,0.06464958,-5.345071E-4,-2.2907447E-4,-0.0012217305,stop
-0.0029120147,0.012476049,0.09338093,-5.345071E-4,3.8179077E-4,-6.1086525E-4,stop
-0.0029120147,0.012476049,0.09338093,-5.345071E-4,3.8179077E-4,-6.1086525E-4,stop
0.006421715,-7.006377E-4,0.06942749,-5.345071E-4,9.92656E-4,-6.1086525E-4,stop
0.006421715,-7.006377E-4,0.06942749,-5.345071E-4,9.92656E-4,-6.1086525E-4,stop
-0.0058128983,-0.01352784,0.07181358,-5.345071E-4,-2.2907447E-4,-6.1086525E-4,stop
-0.0058128983,-0.01352784,0.07181358,-5.345071E-4,-2.2907447E-4,-6.1086525E-4,stop
0.01567711,-0.0014646649,0.07660389,7.6358156E-5,-2.2907447E-4,-6.1086525E-4,stop
0.01567711,-0.0014646649,0.07660389,7.6358156E-5,-2.2907447E-4,-6.1086525E-4,stop
0.007979527,-0.010923684,0.06464386,-0.0011453723,3.8179077E-4,-6.1086525E-4,stop
0.007979527,-0.010923684,0.06464386,-0.0011453723,3.8179077E-4,-6.1086525E-4,stop
-0.0039718747,0.0059896708,0.07661629,7.6358156E-5,-2.2907447E-4,-6.1086525E-4,stop
-0.0039718747,0.0059896708,0.07661629,7.6358156E-5,-2.2907447E-4,-6.1086525E-4,stop
0.0032207668,-0.0011613071,0.086193085,-0.0011453723,-8.399397E-4,-0.0012217305,stop
0.0032207668,-0.0011613071,0.086193085,-0.0011453723,-8.399397E-4,-0.0012217305,stop
0.007968858,0.018105611,0.08380127,6.872234E-4,0.003436117,-6.1086525E-4,stop
0.007968858,0.018105611,0.08380127,6.872234E-4,0.003436117,-6.1086525E-4,stop
3.1644106E-4,-0.006458178,0.08619499,-5.345071E-4,3.8179077E-4,-0.0,stop
3.1644106E-4,-0.006458178,0.08619499,-5.345071E-4,3.8179077E-4,-0.0,stop
0.007286072,-0.0066144466,0.074225426,-5.345071E-4,3.8179077E-4,-6.1086525E-4,stop
0.007286072,-0.0066144466,0.074225426,-5.345071E-4,3.8179077E-4,-6.1086525E-4,stop
-0.0045613497,-0.0017284304,0.0670414,7.6358156E-5,3.8179077E-4,-0.0012217305,stop
-0.011621386,-0.013659015,0.08619404,7.6358156E-5,3.8179077E-4,-0.0012217305,stop
-0.011621386,-0.013659015,0.08619404,-0.0011453723,-2.2907447E-4,-6.1086525E-4,stop
-0.011621386,-0.013659015,0.08619404,-0.0011453723,-2.2907447E-4,-6.1086525E-4,stop
0.014737144,9.2472136E-4,0.074225426,-5.345071E-4,9.92656E-4,-0.0012217305,stop
0.014737144,9.2472136E-4,0.074225426,-5.345071E-4,9.92656E-4,-0.0012217305,stop
-0.0040936917,-0.008671299,0.07182598,6.872234E-4,3.8179077E-4,-6.1086525E-4,stop
-0.0040936917,-0.008671299,0.07182598,6.872234E-4,3.8179077E-4,-6.1086525E-4,stop
0.021680519,0.029194467,0.34001923,0.0025198192,0.0077121737,-0.002443461,stop
0.025325865,-0.02877374,0.103004456,0.0025198192,0.0077121737,-0.002443461,stop
0.025325865,-0.02877374,0.103004456,-5.345071E-4,0.0071013086,-0.0012217305,stop
0.025325865,-0.02877374,0.103004456,-5.345071E-4,0.0071013086,-0.0012217305,stop
0.009047583,0.043714426,0.040756226,0.0012980887,0.02359467,0.0012217305,stop
0.009047583,0.043714426,0.040756226,0.0012980887,0.02359467,0.0012217305,stop
-0.0016909391,-0.04268068,0.06706905,-0.005421429,-0.0032834008,-0.002443461,stop
-0.0016909391,-0.04268068,0.06706905,-0.005421429,-0.0032834008,-0.002443461,stop
-0.010041177,0.021370307,0.07908344,-0.0011453723,-8.399397E-4,-0.0012217305,stop
