accelX,accelY,accelZ,label
-2.228,0.654,1.755,1
-2.013,0.548,2.376,1
-1.898,0.336,3.161,1
-1.852,-0.185,4.646,1
-2.032,-0.509,5.45,1
-2.228,-1.011,6.216,1
-2.408,-1.255,6.047,1
-2.878,-1.575,4.492,1
-3.255,-1.771,3.094,1
-3.313,-1.768,1.006,1
-3.265,-1.645,-0.1,1
-3.19,-1.349,-1.468,1
-3.093,-1.158,-2.118,1
-2.813,-0.867,-2.693,1
-2.552,-0.697,-2.783,1
-2.361,-0.598,-2.485,1
-2.38,-0.647,-2.166,1
-2.613,-1.029,-1.448,1
-2.77,-1.212,-1.139,1
-3.069,-1.49,-0.719,1
-3.213,-1.612,-0.462,1
-3.321,-1.736,-0.114,0
-3.215,-1.655,0.023,0
-2.971,-1.383,0.277,0
-2.75,-1.181,0.304,0
-2.481,-0.925,0.122,0
-2.322,-0.754,-0.049,0
-2.325,-0.698,-0.315,0
-2.402,-0.67,-0.399,0
-2.439,-0.687,-0.328,0
-2.41,-0.716,-0.285,0
-2.393,-0.681,-0.165,0
-2.393,-0.601,-0.115,0
-2.409,-0.417,-0.021,0
-2.265,-0.285,-0.042,0
-2.124,-0.013,-0.313,0
-2.015,0.168,-0.402,0
-1.642,0.534,-0.308,0
-1.604,0.662,-0.103,0
-1.707,0.742,0.309,0
-1.922,0.739,0.469,0
-2.159,0.791,0.568,0
-2.22,0.846,0.515,0
-2.126,0.963,0.304,0
-1.931,1.181,0.23,0
-1.411,1.529,0.065,0
-1.222,1.709,0.071,0
-1.032,1.919,0.652,0
-1.021,1.942,1.215,0
-1.209,1.681,1.819,0
-1.464,1.424,1.834,0
-1.825,1.187,1.651,0
-1.964,1.004,1.451,0
-2.062,0.891,1.226,1
-2.133,0.916,1.207,1
-2.293,0.894,1.432,1
-2.331,0.842,1.731,1
-2.353,0.892,2.22,1
-2.292,0.944,2.198,1
-2.2,0.998,1.344,1
-2.216,0.979,0.713,1
-2.191,1.012,-0.088,1
-2.044,1.03,-0.405,1
-1.944,0.802,-0.364,1
-1.843,0.639,0.134,1
-1.348,0.498,1.109,1
-1.318,0.26,1.814,1
-1.293,-0.298,2.719,1
-1.316,-0.606,3.186,1
-1.495,-1.129,3.564,1
-1.718,-1.213,3.462,1
-2.164,-1.303,2.409,1
-2.408,-1.298,1.587,1
-2.627,-1.224,0.549,1
-2.561,-1.223,0.531,0
-2.477,-0.822,-0.96,0
-2.399,-0.585,-1.318,0
-1.961,-0.107,-1.517,0
-1.6,0.147,-1.486,0
-1.615,0.122,-1.474,0
-1.031,0.463,-1.189,0
-1.27,0.274,-1.11,0
-1.392,0.135,-1.11,0
-1.502,0.065,-1.06,0
-1.415,-0.023,-1.064,0
-1.443,-0.055,-0.918,0
-1.553,-0.034,-0.856,0
-1.815,0.032,-0.619,0
-1.941,0.023,-0.59,0
-2.247,-0.056,-0.591,0
-2.34,-0.072,-0.672,0
-2.495,-0.127,-0.898,0
-2.563,-0.144,-1.065,0
-2.491,-0.004,-1.333,0
-2.315,0.216,-1.227,0
-1.86,0.517,-0.806,0
-1.601,0.678,-0.528,0
-1.42,0.914,-0.204,0
-1.482,0.929,-0.245,0
-1.779,0.717,-0.501,0
-1.973,0.536,-0.704,0
-2.083,0.334,-0.953,0
-2.081,0.303,-0.92,0
-2.024,0.423,-0.501,0
-1.986,0.486,-0.235,0
-1.968,0.464,-0.23,0
-2.205,0.383,0.015,0
-2.27,0.342,-0.439,0
-2.045,0.399,-0.623,0
-1.628,0.476,-0.516,0
-1.465,0.43,-0.198,0
-1.33,0.464,0.795,0
-1.331,0.463,0.795,0
-1.576,0.492,1.721,0
-1.653,0.428,1.441,0
-1.751,0.153,0.643,0
-1.95,-0.059,0.319,0
-2.224,0.019,0.395,0
-2.264,0.142,0.631,0
-2.202,0.297,0.919,1
-2.302,0.396,0.967,1
-2.177,0.549,0.578,1
-1.867,0.644,0.211,1
-0.698,0.708,-0.152,1
-0.334,0.662,0.046,1
-0.421,0.265,1.321,1
-0.717,-0.027,2.265,1
-1.428,-0.559,3.273,1
-2.056,-0.929,3.615,1
-2.474,-1.209,3.244,1
-2.381,-1.176,2.55,1
-2.096,-0.907,1.291,1
-1.902,-0.78,0.622,1
-1.564,-0.455,-0.043,1
-1.396,-0.44,-0.05,1
-1.351,-0.566,0.266,1
-1.463,-0.615,0.43,1
-1.742,-0.828,0.502,1
-1.932,-0.933,0.44,1
-2.101,-1.023,-0.089,1
-2.049,-0.915,-0.588,0
-2.021,-0.93,-0.588,0
-1.799,-0.461,-1.857,0
-1.661,-0.168,-2.294,0
-1.441,0.064,-2.358,0
-1.215,0.426,-2.053,0
-1.196,0.509,-1.625,0
-1.457,0.39,-0.919,0
-1.464,0.389,-0.917,0
-2.281,-0.049,-0.366,0
-2.438,-0.139,-0.317,0
-2.513,-0.211,-0.273,0
-2.321,-0.147,-0.354,0
-1.892,-0.02,-0.524,0
-1.582,0.056,-0.676,0
-1.039,0.291,-0.58,0
-0.854,0.355,-0.32,0
-0.911,0.318,0.135,0
-1.211,0.28,0.564,0
-1.866,-0.02,1.044,0
-2.315,-0.181,1.021,0
-2.824,-0.309,0.651,0
-2.993,-0.276,0.325,0
-2.936,-0.119,-0.174,0
-2.775,0.002,-0.389,0
-2.645,0.166,-0.518,0
-2.6,0.195,-0.417,0
-2.474,0.209,0.016,0
-2.454,0.297,0.256,0
-2.308,0.592,1.342,0
-2.008,0.72,2.148,0
-1.973,0.597,2.542,0
-2.351,0.413,2.552,0
-3.287,0.13,2.133,0
-3.766,-0.006,1.787,0
-3.769,-0.004,1.787,1
-4.24,-0.119,1.026,1
-3.997,-0.106,0.251,1
-3.678,-0.151,0.037,1
-2.87,-0.416,1.017,1
-2.366,-0.462,1.994,1
-2.017,-0.63,3.533,1
-2.258,-0.779,4.117,1
-3.144,-1.098,4.305,1
-3.611,-1.204,3.539,1
-3.943,-1.078,1.451,1
-3.945,-0.963,0.632,1
-3.897,-0.717,-0.873,1
-3.722,-0.441,-1.745,1
-3.295,0.026,-2.31,1
-2.879,0.257,-2.036,1
-2.355,0.243,-0.799,1
-2.243,0.189,-0.128,1
-2.233,0.081,1.005,1
-2.366,-0.017,1.41,1
-2.713,-0.367,1.324,1
-2.898,-0.419,0.822,0
-3.047,-0.434,-0.206,0
-2.924,-0.303,-0.77,0
-2.779,0.067,-1.336,0
-2.656,0.276,-1.558,0
-2.642,0.484,-1.726,0
-2.671,0.598,-1.749,0
-2.632,0.879,-1.751,0
-2.554,1.036,-1.816,0
-2.546,1.044,-1.82,0
-2.745,1.166,-1.872,0
-2.921,1.069,-1.694,0
-2.854,1.064,-1.448,0
-2.711,1.084,-1.061,0
-2.604,1.183,-0.732,0
-2.459,1.22,0.087,0
-2.306,1.2,0.52,0
-2.269,1.278,0.732,0
-2.277,1.302,0.691,0
-2.358,1.093,0.627,0
-2.431,0.984,0.539,0
-2.426,1.076,0.418,0
-2.331,1.144,0.426,0
-2.2,1.271,0.649,0
-2.06,1.349,0.938,0
-1.727,1.425,0.994,0
-1.694,1.422,0.941,0
-1.701,1.316,0.908,0
-1.549,1.239,0.881,0
-1.504,1.145,1.062,0
-1.655,1.193,1.011,0
-2.102,1.347,0.487,0
-2.24,1.215,0.132,0
-2.187,1.009,-0.642,0
-2.113,1.068,-0.892,0
-2.213,1.217,-0.457,1
-2.275,1.149,0.182,1
-2.319,1.021,1.11,1
-2.348,0.968,1.405,1
-2.06,0.722,1.933,1
-1.769,0.644,2.269,1
-1.495,0.443,2.494,1
-1.59,0.351,2.393,1
-1.994,0.298,2.211,1
-2.245,0.297,2.014,1
-2.784,-0.018,1.218,1
-3.055,-0.107,0.769,1
-3.128,-0.109,0.279,1
-3.131,-0.156,0.074,1
-3.14,-0.083,0.044,1
-3.063,-0.032,0.221,1
-2.922,-0.011,0.53,1
-2.827,-0.015,0.523,1
-2.489,0.067,0.178,1
-2.22,0.153,-0.082,1
-1.981,0.278,-0.466,1
-1.9,0.305,-0.623,0
-1.936,0.425,-0.761,0
-2.033,0.448,-0.842,0
-2.296,0.443,-1.097,0
-2.393,0.484,-1.368,0
-2.387,0.476,-1.367,0
-2.413,0.73,-1.731,0
-2.225,0.991,-1.798,0
-2.049,1.203,-1.831,0
-1.811,1.452,-1.872,0
-1.719,1.494,-1.981,0
-1.791,1.541,-2.05,0
-1.898,1.521,-1.944,0
-2.109,1.339,-1.396,0
-2.251,1.213,-1.077,0
-2.533,1.006,-0.478,0
-2.567,0.949,-0.197,0
-2.487,0.898,-0.032,0
-2.352,0.895,-0.128,0
-2.183,1.002,-0.479,0
-1.988,1.115,-0.621,0
-1.753,1.301,-0.715,0
-1.767,1.366,-0.576,0
-1.847,1.384,-0.145,0
-1.883,1.377,0.046,0
-1.96,1.275,0.313,0
-1.978,1.233,0.299,0
-1.825,1.344,0.197,0
-1.63,1.401,0.105,0
-1.257,1.588,0.225,0
-1.124,1.698,0.443,0
-1.167,1.763,0.797,0
-1.262,1.849,0.992,0
-1.385,2.009,0.964,0
-1.334,2.073,0.765,0
-1.406,2.113,0.372,1
-1.524,2.109,0.166,1
-1.806,2.214,-0.049,1
-1.948,2.194,-0.023,1
-2.126,1.965,0.034,1
-2.113,1.971,0.03,1
-1.79,1.599,0.284,1
-1.655,1.269,0.601,1
-1.428,0.786,1.898,1
-1.458,0.521,3.069,1
-1.536,0.155,4.578,1
-1.608,0.062,5.079,1
-1.823,-0.025,4.555,1
-1.844,0.037,3.283,1
-1.857,0.27,1.183,1
-1.931,0.315,0.084,1
-1.867,0.293,0.077,1
-1.955,0.365,-2.061,1
-1.975,0.555,-2.132,1
-1.885,0.584,-1.816,1
-1.623,0.666,-1.12,1
-1.522,0.715,-0.859,0
-1.466,0.689,-0.827,0
-1.518,0.608,-1.071,0
-1.428,0.585,-1.64,0
-1.285,0.691,-1.761,0
-0.964,0.891,-1.64,0
-0.987,0.921,-1.443,0
-1.157,0.843,-0.983,0
-1.255,0.82,-0.741,0
-1.531,0.859,-0.608,0
-1.653,0.914,-0.822,0
-1.741,0.929,-1.388,0
-1.759,0.964,-1.723,0
-1.553,1.18,-2.101,0
-1.392,1.315,-2.09,0
-1.231,1.548,-1.658,0
-1.232,1.582,-1.258,0
-1.415,1.551,-0.732,0
-1.56,1.471,-0.638,0
-1.685,1.374,-0.75,0
-1.641,1.372,-0.84,0
-1.416,1.426,-0.983,0
-1.3,1.443,-1.014,0
-1.089,1.588,-0.886,0
-1.036,1.661,-0.723,0
-1.077,1.633,-0.52,0
-1.11,1.609,-0.546,0
-0.99,1.65,-0.551,0
-0.932,1.571,-0.337,0
-0.917,1.466,0.233,0
-0.904,1.449,0.614,0
-0.871,1.342,1.29,0
-0.847,1.203,1.449,0
-1.042,1.173,1.267,0
-1.165,1.164,0.942,0
-1.091,1.107,0.124,0
-0.83,1.056,-0.182,0
-0.454,1.091,-0.091,0
-0.436,1.086,0.381,0
-0.655,1.12,1.324,1
-0.826,1.022,1.567,1
-1.141,0.93,1.471,1
-1.248,1.061,1.006,1
-1.131,1.252,0.38,1
-0.875,1.302,0.003,1
-0.478,1.339,-0.317,1
-0.184,1.236,-0.303,1
-0.188,0.975,0.18,1
-0.398,0.753,0.631,1
-0.801,0.337,1.202,1
-1.059,0.213,1.353,1
-1.193,0.073,1.426,1
-1.147,0.038,1.334,1
-0.9,0.211,1.096,1
-0.665,0.378,0.878,1
-0.468,0.415,0.444,1
-0.586,0.361,0.247,1
-0.798,0.275,0.093,1
-0.993,0.169,-0.032,1
-1.441,-0.056,-0.418,1
-1.583,-0.099,-0.69,0
-1.488,0.054,-1.205,0
-1.29,0.252,-1.512,0
-0.809,0.641,-1.862,0
-0.441,0.866,-2.027,0
0.039,1.298,-2.379,0
0.095,1.455,-2.573,0
-0.14,1.431,-2.867,0
-0.501,1.321,-2.902,0
-1.095,1.032,-2.652,0
-1.345,0.911,-2.35,0
-1.427,0.881,-1.961,0
-1.341,0.973,-1.825,0
-0.934,1.239,-1.661,0
-0.753,1.346,-1.697,0
-0.521,1.453,-1.941,0
-0.3,1.586,-1.81,0
-0.151,1.474,-1.357,0
-0.247,1.355,-1.04,0
-0.569,1.127,-0.39,0
-0.78,1.033,-0.002,0
-1.119,0.934,0.791,0
-1.277,0.958,0.978,0
-1.436,1.03,0.789,0
-1.475,0.998,0.573,0
-1.431,1.069,0.476,0
-1.289,1.232,0.772,0
-1.005,1.396,1.377,0
-0.933,1.408,1.718,0
-0.717,1.408,2.207,0
-0.516,1.403,2.487,0
-0.493,1.413,2.802,0
-0.493,1.534,2.753,0
-0.228,1.768,1.954,1
-0.248,1.676,1.47,1
-0.238,1.638,1.479,1
-0.729,1.625,0.805,1
-1.123,1.753,0.569,1
-1.168,1.681,0.48,1
-1.219,1.461,0.129,1
-1.17,1.436,-0.139,1
-0.794,1.196,-0.45,1
-0.495,0.878,-0.303,1
-0.51,0.892,-0.305,1
0.085,0.282,1.775,1
-0.248,0.124,2.782,1
-0.618,0.011,2.732,1
-1.183,-0.084,1.93,1
-1.409,-0.161,1.226,1
-1.529,-0.133,0.069,1
-1.518,0.06,-0.606,1
-1.429,0.377,-1.24,1
-1.206,0.443,-1.327,1
-0.726,0.519,-1.185,1
-0.533,0.561,-1.002,0
-0.337,0.575,-0.572,0
-0.252,0.536,-0.353,0
-0.177,0.513,-0.14,0
-0.224,0.479,-0.16,0
-0.429,0.456,-0.548,0
-0.585,0.463,-0.885,0
-0.914,0.334,-1.658,0
-1.063,0.222,-2.037,0
-1.197,0.142,-2.374,0
-1.247,0.126,-2.419,0
-1.206,0.245,-2.189,0
-1.099,0.329,-1.974,0
-0.997,0.47,-1.568,0
-0.998,0.464,-1.566,0
-1.235,0.593,-1.526,0
-1.287,0.614,-1.702,0
-1.441,0.572,-1.846,0
-1.537,0.521,-1.854,0
-1.537,0.559,-1.649,0
-1.483,0.569,-1.508,0
-1.434,0.561,-1.235,0
-1.365,0.653,-1.053,0
-1.052,0.734,-0.741,0
-0.982,0.716,-0.373,0
-1.025,0.749,0.266,0
-1.096,0.771,0.425,0
-1.152,0.722,0.608,0
-1.151,0.698,0.532,0
-1.13,0.699,0.192,0
-1.153,0.637,0.096,0
-1.108,0.511,0.171,0
-1.011,0.491,0.285,0
-0.927,0.582,0.726,0
-0.939,0.66,1.123,0
-0.92,0.645,1.574,0
-0.852,0.545,1.516,0
-0.952,0.288,1.353,0
-1.112,0.232,1.316,0
-1.245,0.401,1.491,1
-1.256,0.532,1.663,1
-1.273,0.516,1.671,1
-1.136,1.138,1.237,1
-1.145,1.123,1.243,1
-0.029,1.322,0.038,1
0.827,1.139,-0.076,1
0.929,0.855,0.453,1
0.539,0.172,2.058,1
0.141,-0.113,3.037,1
-0.522,-0.481,4.074,1
-0.897,-0.572,3.959,1
-1.211,-0.576,2.744,1
-1.192,-0.562,1.818,1
-1.097,-0.365,0.038,1
-1.15,-0.256,-0.818,1
-1.197,-0.294,-1.555,1
-1.22,-0.34,-1.675,1
-1.275,-0.473,-1.429,1
-1.171,-0.534,-1.098,1
-1.167,-0.536,-1.098,1
-0.784,-0.447,-0.444,0
-0.783,-0.45,-0.444,0
-0.085,-0.039,-0.896,0
-0.016,0.205,-1.428,0
-0.131,0.282,-1.707,0
-0.382,0.351,-2.3,0
-0.547,0.363,-2.652,0
-0.834,0.472,-2.725,0
-0.826,0.504,-2.475,0
-0.724,0.688,-1.977,0
-0.732,0.788,-1.665,0
-0.863,0.69,-1.106,0
-0.937,0.627,-0.817,0
-0.972,0.553,-0.507,0
-0.908,0.506,-0.346,0
-0.854,0.383,-0.036,0
-0.865,0.386,-0.036,0
-1.203,0.082,0.297,0
-1.366,-0.06,0.494,0
-1.663,-0.176,0.882,0
-1.751,-0.118,1.05,0
-1.925,0.006,1.135,0
-1.965,0.064,1.071,0
-1.746,0.213,0.826,0
-1.557,0.334,0.675,0
-1.553,0.313,0.682,0
-0.98,0.612,0.478,0
-0.584,0.699,0.795,0
-0.511,0.697,1.041,0
-0.552,0.819,1.285,0
-0.556,0.862,1.297,0
-0.45,0.933,0.986,0
-0.528,0.914,0.81,1
-0.886,0.847,0.781,1
-1.182,0.808,0.837,1
-1.501,0.712,0.921,1
-1.698,0.574,0.973,1
-1.965,0.148,0.962,1
-1.999,-0.25,0.862,1
-2.025,-0.888,1.205,1
-1.96,-1.161,2.028,1
-1.847,-1.328,3.68,1
-1.969,-1.41,4.455,1
-2.262,-1.412,4.688,1
-2.444,-1.303,4.11,1
-2.459,-1.177,2.067,1
-2.392,-1.008,0.926,1
-2.376,-0.806,-0.326,1
-2.361,-0.774,-0.811,1
-2.333,-0.796,-1.052,1
-2.38,-0.87,-0.913,1
-2.284,-0.935,-0.411,1
-2.123,-0.886,-0.165,1
-2.165,-0.88,-0.159,0
-1.684,-0.641,-0.451,0
-1.352,-0.47,-1.137,0
-1.322,-0.415,-1.423,0
-1.373,-0.367,-1.606,0
-1.47,-0.334,-1.562,0
-1.459,-0.319,-1.569,0
-2.002,-0.49,-1.243,0
-2.337,-0.474,-1.325,0
-2.509,-0.393,-1.519,0
-2.582,-0.162,-2.001,0
-2.574,-0.054,-2.145,0
-2.413,0.103,-2.029,0
-2.304,0.232,-1.781,0
-2.101,0.411,-1.103,0
-2.043,0.474,-0.696,0
-1.982,0.513,-0.146,0
-1.997,0.493,0.052,0
-1.996,0.483,0.124,0
-1.99,0.471,0.026,0
-1.852,0.525,-0.287,0
-1.739,0.626,-0.442,0
-1.594,0.819,-0.637,0
-1.499,0.926,-0.718,0
-1.341,1.093,-0.633,0
-1.359,1.043,-0.505,0
-1.586,0.914,-0.034,0
-1.722,0.857,0.418,0
-1.854,0.644,1.07,0
-1.902,0.502,1.416,0
-1.945,0.437,1.759,0
-1.911,0.447,1.785,0
-1.93,0.491,1.445,0
-1.95,0.433,1.215,0
-1.948,0.41,1.222,0
-2.361,0.826,0.125,0
-2.306,0.829,-0.627,0
-2.129,0.767,-0.933,0
-2.106,0.869,-0.489,1
-2.177,0.926,0.263,1
-2.052,0.914,1.614,1
-1.943,0.834,2.311,1
-1.744,0.636,2.847,1
-1.444,0.605,2.881,1
-1.048,0.525,2.909,1
-0.99,0.402,2.875,1
-1.308,0.14,2.929,1
-1.73,-0.051,3.014,1
-2.559,-0.5,2.708,1
-2.96,-0.707,2.223,1
-3.345,-0.851,1.196,1
-3.295,-0.827,1.177,1
-3.083,-0.675,-0.471,1
-3.032,-0.585,-0.601,1
-2.674,-0.321,-0.516,1
-2.337,-0.106,-0.454,1
-2.343,-0.094,-0.457,1
-1.963,0.004,-0.841,1
-1.967,-0.025,-0.907,1
-2.07,-0.141,-0.8,0
-2.345,-0.345,-0.574,0
-2.443,-0.348,-0.616,0
-2.527,-0.391,-0.831,0
-2.552,-0.35,-0.979,0
-2.491,-0.134,-1.318,0
-2.478,0.016,-1.395,0
-2.218,0.281,-1.281,0
-1.934,0.488,-1.244,0
-1.575,0.835,-1.177,0
-1.457,0.984,-1.124,0
-1.464,1.117,-1.091,0
-1.634,1.035,-0.976,0
-2.086,0.801,-0.686,0
-2.294,0.674,-0.524,0
-2.534,0.468,-0.442,0
-2.649,0.313,-0.483,0
-2.626,0.246,-0.615,0
-2.424,0.361,-0.568,0
-2.102,0.606,-0.196,0
-1.932,0.747,0.009,0
-1.813,0.914,0.155,0
-1.847,0.927,0.079,0
-2.109,0.891,-0.177,0
-2.283,0.864,-0.207,0
-2.376,0.846,-0.005,0
-2.353,0.929,0.226,0
-2.26,1.108,0.558,0
-2.227,1.088,0.508,0
-2.231,1.079,0.511,0
-1.835,1.22,0.418,0
-1.541,1.349,0.637,0
-1.428,1.39,0.783,0
-1.48,1.459,0.942,0
-1.521,1.577,1.02,0
-1.58,1.679,1.256,0
-1.635,1.683,1.374,0
-1.927,1.547,1.379,1
-2.135,1.468,1.339,1
-2.467,1.154,1.139,1
-2.591,1.005,0.981,1
-2.731,0.755,1.018,1
-2.701,0.594,1.198,1
-2.584,0.31,1.725,1
-2.578,0.116,2.141,1
-2.669,-0.146,2.749,1
-2.684,-0.226,2.892,1
-2.592,-0.115,2.619,1
-2.489,-0.023,2.135,1
-2.58,0.048,1.096,1
-2.552,0.013,0.512,1
-2.351,0.02,-0.138,1
-2.318,0.034,-0.187,1
-2.366,-0.171,0.361,1
-2.382,-0.273,0.854,1
-2.393,-0.429,1.466,1
-2.372,-0.462,1.562,1
-2.402,-0.542,1.309,1
-2.373,-0.553,0.94,0
-2.393,-0.555,0.238,0
-2.309,-0.493,-0.198,0
-2.383,-0.326,-0.717,0
-2.431,-0.266,-0.948,0
-2.37,-0.084,-1.332,0
-2.26,0.086,-1.57,0
-1.966,0.444,-1.793,0
-1.818,0.58,-1.771,0
-1.65,0.839,-1.465,0
-1.657,0.917,-1.226,0
-1.637,0.913,-1.229,0
-1.82,0.896,-0.44,0
-1.872,0.838,0.007,0
-1.941,0.774,0.127,0
-1.908,0.696,0.163,0
-1.806,0.704,0.081,0
-1.452,0.846,-0.074,0
-1.293,0.959,-0.188,0
-1.28,0.937,-0.185,0
-1.052,1.052,-0.444,0
-1.114,1.063,-0.005,0
-1.202,1.036,0.248,0
-1.408,0.995,0.44,0
-1.5,0.973,0.348,0
-1.483,1.048,-0.035,0
-1.473,1.059,-0.309,0
-1.449,1.035,-0.306,0
-1.3,1.036,-0.367,0
-1.276,1.026,-0.368,0
-0.882,0.998,0.491,0
-0.569,0.902,1.08,0
-0.556,0.777,1.222,0
-0.625,0.856,1.035,0
-0.653,0.966,0.694,0
-0.644,0.859,-0.066,0
-0.665,0.735,-0.461,0
-0.904,0.812,-0.255,0
-0.993,0.901,0.284,0
-0.974,0.904,0.281,0
-0.808,1.027,1.311,0
-0.882,1.153,1.109,0
-0.845,1.099,0.768,0
-0.827,1.092,0.768,1
-0.505,0.898,0.088,1
-0.459,0.624,0.046,1
-0.513,0.455,0.45,1
-0.739,0.122,1.184,1
-0.921,-0.091,1.474,1
-1.189,-0.278,1.44,1
-1.255,-0.365,1.18,1
-1.208,-0.433,0.559,1
-1.154,-0.386,0.101,1
-1.204,-0.252,-0.473,1
-1.213,-0.229,-0.689,1
-1.379,-0.334,-0.831,1
-1.438,-0.312,-0.806,1
-1.282,-0.234,-0.687,1
-1.137,-0.197,-0.654,1
-0.964,-0.12,-0.832,1
-0.952,-0.14,-1.021,1
-0.909,-0.067,-1.277,1
-0.921,-0.05,-1.335,1
-0.886,0.003,-1.484,1
-0.878,0.091,-1.491,0
-0.796,0.228,-1.376,0
-0.699,0.351,-1.343,0
-0.622,0.483,-1.397,0
-0.648,0.557,-1.397,0
-0.484,0.741,-1.291,0
-0.368,0.846,-1.187,0
-0.257,0.92,-1.133,0
-0.197,0.896,-1.226,0
-0.333,0.8,-1.535,0
-0.52,0.7,-1.555,0
-0.642,0.564,-1.14,0
-0.578,0.542,-0.702,0
-0.483,0.625,-0.192,0
-0.42,0.732,0.008,0
-0.394,0.853,0.005,0
-0.392,0.963,-0.258,0
-0.47,1.103,-1.078,0
-0.463,1.126,-1.581,0
-0.433,1.116,-1.58,0
-0.176,1.383,-2.046,0
-0.017,1.548,-1.496,0
-0.065,1.557,-0.904,0
-0.196,1.395,-0.016,0
-0.225,1.396,0.438,0
-0.14,1.333,1.242,0
-0.089,1.308,1.554,0
-0.096,1.298,1.557,0
-0.041,1.216,1.305,0
-0.026,1.193,1.31,0
0.153,1.228,0.888,0
0.167,1.2,0.895,0
0.078,1.366,1.059,1
0.077,1.335,1.067,1
-0.06,1.443,1.414,1
-0.213,1.605,1.346,1
-0.307,1.644,1.173,1
-0.226,1.57,0.724,1
-0.074,1.444,0.418,1
0.295,1.164,0.059,1
0.384,0.869,0.154,1
0.181,0.092,1.234,1
-0.071,-0.233,2.229,1
-0.709,-0.687,3.362,1
-0.969,-0.858,3.523,1
-1.166,-0.744,2.773,1
-1.086,-0.552,1.468,1
-1.008,-0.336,-0.313,1
-0.909,-0.184,-1.189,1
-0.642,-0.05,-2.012,1
-0.642,-0.093,-1.994,1
-0.811,-0.281,-0.927,1
-0.729,-0.393,-0.066,1
-0.67,-0.72,0.876,0
-0.645,-0.89,1.303,0
-0.576,-0.959,1.66,0
-0.389,-0.852,1.587,0
-0.072,-0.624,0.765,0
0.038,-0.521,0.162,0
0.101,-0.375,-0.666,0
0.053,-0.291,-1.04,0
-0.365,-0.333,-1.284,0
-0.345,-0.355,-1.278,0
-0.687,-0.314,-1.34,0
-0.665,-0.219,-1.311,0
-0.445,0.002,-1.359,0
-0.251,0.133,-1.411,0
0.07,0.382,-1.486,0
0.181,0.488,-1.525,0
0.213,0.679,-1.42,0
0.167,0.658,-1.278,0
-0.135,0.418,-0.69,0
-0.309,0.262,-0.336,0
-0.331,0.179,0.062,0
-0.222,0.09,0.226,0
-0.102,0.01,0.601,0
-0.051,0.002,0.784,0
0.196,0.119,0.814,0
0.332,0.204,0.826,0
0.572,0.438,0.657,0
0.591,0.546,0.232,0
0.619,0.519,0.241,0
0.68,0.644,-0.699,0
0.681,0.65,-1.029,0
0.716,0.602,-1.144,0
0.571,0.416,-0.865,0
0.542,0.298,-0.405,0
0.527,0.28,-0.399,0
0.577,0.188,1.217,0
0.338,0.157,1.654,0
0.226,0.335,1.452,0
0.183,0.443,0.759,0
0.261,0.313,0.284,1
0.4,0.246,-0.003,1
0.42,0.33,0.158,1
0.44,0.294,0.896,1
0.421,0.173,1.341,1
0.295,0.076,1.684,1
0.148,0.097,1.678,1
0.074,0.064,1.323,1
0.119,0.05,1.026,1
0.149,-0.112,0.653,1
0.187,-0.215,0.805,1
0.292,-0.342,1.572,1
0.407,-0.453,1.927,1
0.223,-0.631,2.096,1
0.057,-0.776,1.994,1
-0.234,-1.076,1.389,1
-0.322,-1.219,0.83,1
-0.48,-1.339,0.142,1
-0.556,-1.334,-0.22,1
-0.519,-1.335,-0.218,1
-0.616,-1.361,-0.414,1
-0.444,-1.23,-0.537,0
-0.23,-1.063,-0.598,0
0.11,-0.843,-0.875,0
0.262,-0.649,-1.239,0
0.264,-0.529,-1.731,0
0.232,-0.535,-1.959,0
0.19,-0.382,-2.152,0
0.188,-0.362,-2.109,0
0.173,-0.378,-1.982,0
0.171,-0.294,-1.846,0
0.157,-0.295,-1.847,0
0.429,-0.02,-1.209,0
0.593,0.163,-0.921,0
0.57,0.163,-0.692,0
0.315,0.027,-0.434,0
0.062,-0.1,-0.321,0
-0.282,-0.314,-0.191,0
-0.383,-0.418,-0.126,0
-0.426,-0.495,0.041,0
-0.374,-0.489,0.178,0
-0.115,-0.376,0.315,0
0.123,-0.196,0.417,0
0.36,-0.022,0.613,0
0.418,0.017,0.708,0
0.484,0.107,0.789,0
0.532,0.088,0.65,0
0.478,0.043,0.085,0
0.413,0.014,-0.17,0
0.36,-0.043,-0.259,0
0.345,-0.023,-0.139,0
0.317,-0.014,0.255,0
0.418,-0.055,0.501,0
0.612,0.002,0.69,0
0.715,-0.021,0.738,0
0.869,-0.052,0.635,0
0.913,0.006,0.503,0
0.907,-0.039,0.519,0
0.618,0.159,0.544,0
0.393,0.278,0.642,1
0.219,0.298,0.671,1
-0.153,0.269,0.683,1
-0.364,0.31,0.693,1
-0.527,0.369,0.581,1
-0.411,0.32,0.521,1
0.141,0.18,0.545,1
0.555,0.057,0.866,1
1.113,-0.34,2.219,1
1.127,-0.584,2.828,1
0.477,-1.198,4.031,1
-0.078,-1.527,4.645,1
-0.883,-1.828,4.33,1
-1.161,-1.804,3.446,1
-1.348,-1.962,1.449,1
-1.367,-1.853,0.211,1
-1.279,-1.647,-1.091,1
-0.841,-1.598,-1.661,1
-0.073,-1.028,-1.796,1
0.27,-0.911,-1.121,1
0.642,-0.983,-0.058,1
0.565,-1.094,0.471,0
0.094,-1.5,1.066,0
-0.085,-1.716,0.993,0
-0.163,-1.842,0.726,0
-0.161,-1.898,0.542,0
-0.217,-1.99,0.144,0
-0.267,-1.976,-0.055,0
-0.268,-1.991,-0.05,0
-0.152,-1.555,-0.648,0
-0.091,-1.198,-1.038,0
-0.09,-1.032,-1.311,0
-0.035,-0.762,-1.588,0
-0.018,-0.609,-1.577,0
-0.075,-0.584,-1.302,0
-0.157,-0.644,-1.005,0
-0.286,-0.775,-0.405,0
-0.438,-0.87,-0.052,0
-0.495,-0.878,0.101,0
-0.4,-0.858,0.101,0
-0.21,-0.789,-0.021,0
-0.074,-0.682,-0.11,0
-0.086,-0.686,-0.108,0
0.341,-0.369,0.497,0
0.546,-0.278,0.781,0
0.495,-0.318,0.849,0
0.312,-0.366,0.737,0
0.115,-0.432,0.495,0
-0.117,-0.541,0.091,0
-0.163,-0.561,-0.106,0
-0.129,-0.459,-0.036,0
-0.02,-0.406,0.221,0
0.17,-0.424,0.846,0
0.243,-0.463,1.2,0
0.299,-0.313,1.751,0
0.278,-0.189,1.93,0
0.355,-0.14,1.23,0
0.391,-0.092,0.518,0
0.399,-0.162,-0.145,0
0.434,-0.167,-0.027,0
0.5,-0.246,0.91,1
0.463,-0.385,1.719,1
0.442,-0.47,2.847,1
0.257,-0.512,3.498,1
0.23,-0.594,4.319,1
0.515,-0.51,4.545,1
0.908,-0.491,4.002,1
1.067,-0.591,3.148,1
0.938,-0.968,1.783,1
0.633,-1.298,1.428,1
0.079,-1.682,1.313,1
-0.126,-1.829,1.374,1
-0.388,-2.156,1.269,1
-0.497,-2.426,0.985,1
-0.374,-2.399,0.343,1
-0.059,-2.207,0.026,1
0.567,-1.826,-0.299,1
0.874,-1.677,-0.41,1
1.155,-1.44,-0.597,1
1.121,-1.411,-0.791,1
0.758,-1.661,-1.04,1
0.549,-1.832,-1.157,0
0.333,-1.934,-1.369,0
0.332,-1.902,-1.384,0
0.453,-1.719,-1.155,0
0.659,-1.57,-1.096,0
0.658,-1.594,-1.085,0
1.193,-0.986,-1.508,0
1.366,-0.716,-1.63,0
1.326,-0.647,-1.733,0
1.037,-0.667,-1.834,0
0.769,-0.762,-1.767,0
0.431,-0.954,-1.543,0
0.312,-1.013,-1.358,0
0.353,-1.007,-0.872,0
0.354,-1.002,-0.875,0
0.75,-0.865,-0.087,0
0.812,-0.793,-0.088,0
0.967,-0.792,-0.222,0
0.981,-0.751,-0.141,0
0.821,-0.772,-0.022,0
0.69,-0.818,0.103,0
0.381,-0.818,0.471,0
0.328,-0.844,0.687,0
0.366,-0.77,0.883,0
0.382,-0.719,0.742,0
0.361,-0.64,0.463,0
0.346,-0.641,0.345,0
0.502,-0.496,0.349,0
0.613,-0.423,0.484,0
0.481,-0.459,0.88,0
0.378,-0.591,1.285,0
0.32,-0.576,1.779,0
0.169,-0.563,2.174,0
0.068,-0.544,2.293,1
0.05,-0.532,2.003,1
0.041,-0.561,2.017,1
-0.245,-0.385,0.968,1
-0.222,0.01,0.438,1
-0.122,0.177,0.294,1
0.165,0.282,-0.188,1
0.291,0.254,-0.425,1
0.475,-0.224,-0.322,1
0.401,-0.668,0.212,1
0.265,-1.45,1.925,1
-0.033,-1.934,3.175,1
-0.432,-2.433,4.762,1
-0.648,-2.34,5.384,1
-0.743,-2.191,4.789,1
-0.55,-1.879,3.267,1
-0.27,-1.309,0.553,1
-0.179,-1.125,-0.705,1
-0.079,-0.831,-2.58,1
-0.143,-0.673,-3.284,1
-0.434,-0.677,-3.35,1
-0.766,-0.729,-2.622,0
-0.575,-1.185,-0.785,0
-0.364,-1.339,0.349,0
-0.243,-1.502,1.572,0
-0.273,-1.542,1.945,0
-0.357,-1.569,1.972,0
-0.39,-1.557,1.541,0
-0.479,-1.598,0.361,0
-0.629,-1.608,-0.203,0
-0.753,-1.497,-0.74,0
-0.703,-1.356,-0.812,0
-0.669,-1.198,-0.696,0
-0.607,-1.072,-0.589,0
-0.557,-0.848,-0.552,0
-0.588,-0.76,-0.711,0
-0.687,-0.661,-1.045,0
-0.688,-0.612,-1.165,0
-0.58,-0.523,-1.23,0
-0.625,-0.542,-1.102,0
-0.66,-0.636,-0.623,0
-0.665,-0.689,-0.219,0
-0.644,-0.68,0.363,0
-0.642,-0.721,0.564,0
-0.648,-0.719,0.563,0
-0.59,-0.707,0.848,0
-0.389,-0.543,0.545,0
-0.252,-0.473,0.338,0
-0.091,-0.441,0.155,0
-0.009,-0.495,0.103,0
0.029,-0.574,0.109,0
0.012,-0.621,0.294,0
-0.013,-0.706,0.507,0
-0.051,-0.77,0.607,0
-0.118,-0.875,0.835,0
-0.035,-0.904,1.082,0
0.201,-0.58,1.421,0
0.152,-0.473,1.406,0
0.147,-0.484,1.411,0
0.323,-0.497,0.704,0
0.5,-0.551,0.284,0
0.43,-0.52,0.427,0
0.431,-0.571,1.115,1
0.229,-0.676,1.627,1
-0.139,-0.829,2.554,1
-0.073,-0.793,2.837,1
0.444,-0.792,2.825,1
0.816,-0.743,2.757,1
0.959,-0.988,3.275,1
0.876,-1.296,3.845,1
0.266,-1.817,4.554,1
-0.237,-2.079,4.66,1
-0.871,-2.39,3.968,1
-0.943,-2.402,3.033,1
-0.806,-2.233,0.931,1
-0.637,-2.039,-0.086,1
-0.253,-1.628,-1.209,1
0.017,-1.411,-1.565,1
0.483,-0.993,-1.705,1
0.678,-0.813,-1.61,1
0.985,-0.669,-1.641,1
0.942,-0.769,-1.695,1
0.578,-1.019,-1.733,1
0.323,-1.161,-1.631,0
-0.006,-1.49,-1.243,0
-0.208,-1.571,-1.01,0
-0.277,-1.499,-0.711,0
-0.13,-1.362,-0.642,0
0.093,-1.041,-0.605,0
0.2,-0.877,-0.694,0
0.107,-0.758,-0.903,0
-0.126,-0.769,-0.96,0
-0.623,-0.909,-0.867,0
-0.756,-0.97,-0.722,0
-0.736,-0.96,-0.457,0
-0.628,-0.899,-0.298,0
-0.478,-0.851,-0.079,0
-0.376,-0.827,-0.021,0
-0.377,-0.818,-0.025,0
-0.074,-0.794,0.2,0
0.036,-0.737,0.161,0
0.106,-0.666,0.19,0
0.116,-0.646,0.278,0
0.109,-0.664,0.383,0
0.269,-0.537,0.562,0
0.353,-0.469,0.607,0
0.471,-0.408,0.407,0
0.529,-0.319,0.275,0
0.691,-0.163,0.11,0
0.744,-0.084,0.107,0
0.777,0.057,0.223,0
0.803,0.051,0.371,0
0.801,0.017,0.802,0
0.79,-0.063,1.12,0
0.721,-0.251,1.554,0
0.613,-0.363,1.804,0
0.585,-0.252,2.099,0
0.601,-0.319,1.953,0
0.83,-0.152,1.072,1
0.885,-0.019,0.655,1
0.673,-0.013,0.34,1
0.494,0.025,0.429,1
0.28,0.023,0.803,1
0.242,-0.038,0.998,1
0.393,-0.166,0.975,1
0.622,-0.344,0.869,1
0.902,-0.811,1.208,1
1.009,-1.097,1.858,1
1.071,-1.583,3.345,1
0.929,-1.848,3.786,1
0.386,-2.072,3.747,1
0.106,-2.167,3.191,1
0.066,-1.969,1.443,1
-0.003,-1.869,0.316,1
-0.313,-1.709,-1.347,1
-0.514,-1.738,-1.957,1
-0.586,-1.633,-2.458,1
-0.643,-1.539,-2.297,1
-0.423,-1.46,-1.327,1
-0.084,-1.362,-0.692,0
0.338,-1.268,0.108,0
0.447,-1.192,0.39,0
0.65,-1.062,0.16,0
0.666,-0.979,-0.131,0
0.442,-1.046,-0.373,0
0.212,-1.226,-0.354,0
0.225,-1.212,-0.36,0
-0.083,-1.424,0.114,0
-0.175,-1.459,0.333,0
-0.218,-1.437,0.408,0
-0.135,-1.24,0.334,0
0.009,-1.071,0.043,0
0.36,-0.643,-0.662,0
0.497,-0.504,-0.964,0
0.652,-0.43,-1.199,0
0.731,-0.384,-1.136,0
0.636,-0.383,-0.601,0
0.561,-0.469,-0.097,0
0.523,-0.628,0.405,0
0.459,-0.72,0.48,0
0.551,-0.797,0.444,0
0.712,-0.788,0.325,0
0.866,-0.768,0.158,0
0.893,-0.727,0.164,0
0.9,-0.69,0.294,0
0.91,-0.696,0.287,0
0.82,-0.739,0.213,0
0.772,-0.775,0.171,0
0.77,-0.941,-0.016,0
0.823,-1.001,0.028,0
0.855,-1.093,0.546,0
0.864,-1.128,0.833,0
0.754,-1,1.005,0
0.72,-0.864,0.931,0
0.742,-0.872,0.936,0
0.756,-0.692,0.056,0
0.585,-0.798,-0.192,0
0.648,-0.817,-0.098,0
0.657,-0.815,-0.098,0
1.01,-0.527,1.109,0
1.188,-0.331,1.646,1
1.225,-0.237,1.594,1
1.558,-0.324,0.994,1
1.683,-0.502,0.743,1
1.694,-0.464,0.726,1
1.954,-1.289,2.479,1
1.727,-1.531,3.999,1
1.34,-1.805,4.655,1
0.942,-1.976,4.603,1
0.937,-1.88,3.933,1
1.09,-1.692,2.179,1
1.152,-1.57,1.044,1
1.198,-1.425,-0.025,1
1.213,-1.43,-0.594,1
1.254,-1.408,-0.916,1
1.268,-1.417,-0.754,1
1.394,-1.493,-0.059,1
1.528,-1.492,0.47,1
1.714,-1.413,0.997,1
1.789,-1.397,1.075,1
2.01,-1.272,0.482,1
2.115,-1.142,-0.089,0
2.056,-1.059,-0.826,0
1.967,-1.098,-1.077,0
1.991,-1.122,-1.065,0
2.014,-0.85,-1.406,0
2.077,-0.655,-1.631,0
2.092,-0.598,-1.692,0
1.927,-0.628,-1.544,0
1.67,-0.722,-1.348,0
1.324,-0.914,-0.968,0
1.24,-0.996,-0.67,0
1.268,-0.981,-0.672,0
1.463,-0.987,0.085,0
1.778,-0.833,0.32,0
1.928,-0.761,0.484,0
1.917,-0.8,0.62,0
1.702,-0.831,0.584,0
1.336,-0.847,0.514,0
1.108,-0.872,0.479,0
0.874,-0.784,0.589,0
0.947,-0.639,0.633,0
0.964,-0.644,0.637,0
1.289,-0.247,0.655,0
1.428,-0.09,0.746,0
1.465,-0.107,0.879,0
1.632,-0.03,1.273,0
1.82,0.121,1.687,0
1.712,0.1,2.322,0
1.425,0.042,2.421,0
1.041,-0.168,2.225,0
0.865,-0.288,1.977,0
0.749,-0.331,1.595,0
0.713,-0.35,1.406,0
0.878,-0.308,1.215,1
1.075,-0.309,1.109,1
1.333,-0.434,0.943,1
1.408,-0.611,1.176,1
1.599,-1.128,2.266,1
1.736,-1.372,2.995,1
1.638,-1.679,4.089,1
1.327,-1.845,4.553,1
0.909,-1.943,4.219,1
0.833,-1.881,3.3,1
0.654,-1.834,1.256,1
0.594,-1.721,-0.112,1
0.708,-1.447,-1.542,1
0.959,-1.321,-2.171,1
1.017,-0.868,-2.645,1
1.299,-0.675,-2.453,1
1.864,-0.513,-1.588,1
1.885,-0.417,-1.117,1
1.67,-0.534,-0.548,1
1.558,-0.693,-0.238,1
1.222,-0.853,-0.199,1
1.038,-0.892,-0.31,0
0.726,-0.979,-0.53,0
0.606,-1.017,-0.694,0
0.264,-1.027,-0.752,0
0.054,-0.981,-0.604,0
-0.023,-0.806,-0.091,0
0.101,-0.6,0.256,0
0.098,-0.581,0.247,0
0.337,-0.257,0.31,0
0.152,-0.286,-0.2,0
0.067,-0.381,-0.507,0
-0.013,-0.484,-0.787,0
-0.099,-0.584,-0.685,0
0.058,-0.531,-0.348,0
0.3,-0.392,-0.174,0
0.68,-0.154,-0.133,0
0.834,-0.054,-0.301,0
0.905,-0.031,-0.785,0
0.846,-0.019,-1.014,0
0.675,0.105,-1.206,0
0.55,0.094,-1.112,0
0.43,0.112,-0.863,0
0.395,0.036,-0.709,0
0.497,0.083,-0.372,0
0.625,0.102,-0.089,0
0.523,0.031,0.488,0
0.463,0.017,0.886,0
0.513,-0.016,1.511,0
0.559,-0.07,1.618,0
0.557,-0.048,1.482,0
0.457,0.035,1.197,0
0.235,0.101,0.292,0
0.148,0.092,-0.14,0
0.244,-0.025,-0.417,0
0.292,-0.114,-0.506,0
0.193,-0.13,-0.115,0
0.132,-0.066,0.383,0
0.091,-0.062,0.376,1
0.435,-0.006,1.353,1
0.606,0.139,1.422,1
0.753,0.223,1.341,1
1.053,0.07,1.195,1
0.959,-0.099,1.297,1
0.941,-0.056,1.277,1
0.372,-0.823,2.616,1
-0.388,-1.177,3.256,1
-0.773,-1.451,3.243,1
-0.998,-1.509,2.634,1
-0.901,-1.34,2.011,1
-0.379,-1.039,0.746,1
-0.182,-0.827,0.214,1
0.038,-0.542,-0.408,1
0.011,-0.43,-0.656,1
-0.174,-0.38,-1.008,1
-0.289,-0.463,-1.149,1
-0.298,-0.471,-1.146,1
-0.719,-0.79,-1.325,1
-0.893,-1.003,-1.328,1
-0.972,-1.055,-1.338,0
-0.95,-0.988,-1.346,0
-0.839,-0.88,-1.297,0
-0.475,-0.542,-1.004,0
-0.419,-0.401,-0.85,0
-0.458,-0.258,-0.701,0
-0.411,-0.184,-0.477,0
-0.307,-0.09,-0.198,0
-0.363,-0.109,-0.12,0
-0.579,-0.297,-0.03,0
-0.65,-0.369,-0.002,0
-0.674,-0.458,-0.103,0
-0.656,-0.527,-0.216,0
-0.502,-0.51,-0.597,0
-0.459,-0.463,-0.783,0
-0.361,-0.338,-0.766,0
-0.362,-0.346,-0.635,0
-0.352,-0.313,-0.205,0
-0.401,-0.303,0.108,0
-0.465,-0.325,0.359,0
-0.511,-0.34,0.279,0
-0.609,-0.375,-0.033,0
-0.571,-0.354,-0.302,0
-0.413,-0.29,-0.68,0
-0.439,-0.275,-0.718,0
-0.204,-0.141,-0.541,0
-0.069,-0.028,-0.332,0
-0.078,-0.051,0.005,0
-0.115,-0.126,0.305,0
-0.312,-0.28,0.863,0
-0.403,-0.407,1.129,0
-0.421,-0.423,1.136,0
-0.689,-0.529,1.592,0
-0.771,-0.461,1.292,0
-0.735,-0.453,0.977,0
-0.711,-0.421,0.778,0
-0.814,-0.343,0.669,0
-0.709,-0.076,0.43,1
-0.499,0.019,0.262,1
-0.301,-0.118,0.18,1
-0.153,-0.408,0.362,1
-0.034,-1.035,1.661,1
-0.025,-1.418,2.676,1
-0.536,-2.01,4.479,1
-0.78,-2.128,4.926,1
-0.947,-2.123,4.433,1
-0.89,-1.993,3.106,1
-0.882,-1.564,0.751,1
-0.884,-1.321,-0.379,1
-0.946,-1.276,-1.65,1
-1.102,-1.189,-2.091,1
-1.313,-1.121,-1.769,1
-1.139,-1.073,-1.037,1
-0.956,-1.237,0.282,1
-0.905,-1.381,0.824,1
-0.817,-1.641,1.306,1
-0.747,-1.716,1.379,1
-0.814,-1.843,1.262,1
-0.842,-1.912,0.912,0
-0.869,-1.823,0.471,0
-0.912,-1.771,0.179,0
-1.041,-1.75,-0.321,0
-1.071,-1.671,-0.593,0
-0.953,-1.46,-0.829,0
-0.839,-1.324,-0.768,0
-0.761,-1.089,-0.59,0
-0.74,-0.932,-0.501,0
-0.616,-0.73,-0.661,0
-0.58,-0.64,-0.885,0
-0.421,-0.457,-1.328,0
-0.343,-0.408,-1.471,0
-0.373,-0.35,-1.311,0
-0.429,-0.3,-0.967,0
-0.574,-0.452,0.01,0
-0.647,-0.514,0.379,0
-0.663,-0.496,0.372,0
-0.726,-0.597,1.196,0
-0.605,-0.668,1.943,0
-0.557,-0.661,2.286,0
-0.614,-0.571,2.056,0
-0.596,-0.569,1.497,0
-0.573,-0.599,0.686,0
-0.525,-0.644,0.446,0
-0.183,-0.633,0.144,0
-0.046,-0.53,0.138,0
0.044,-0.457,0.402,0
-0.021,-0.385,0.629,0
-0.071,-0.114,1.039,0
-0.004,0.074,1.228,0
0.19,0.186,1.171,0
0.188,0.183,1.172,0
-0.005,0.29,1.237,0
-0.174,0.183,1.475,0
-0.499,-0.052,1.956,1
-0.559,-0.257,2.162,1
-0.23,-0.497,2.262,1
-0.022,-0.582,2.369,1
-0.011,-0.886,2.979,1
-0.132,-1.069,3.364,1
-0.574,-1.427,3.885,1
-0.9,-1.68,3.987,1
-1.375,-1.99,3.296,1
-1.459,-2.143,2.418,1
-1.221,-2.164,1.175,1
-1.03,-2.04,0.471,1
-0.869,-2,-0.037,1
-0.841,-2.047,-0.073,1
-0.757,-2.018,-0.073,1
-0.654,-1.955,-0.114,1
-0.456,-1.927,-0.381,1
-0.272,-1.826,-0.599,1
0.146,-1.59,-1.145,1
0.289,-1.456,-1.537,1
0.357,-1.277,-2.053,1
0.369,-1.233,-2.277,0
0.216,-1.124,-2.333,0
0.1,-1.111,-2.187,0
0.095,-1.123,-2.182,0
0.088,-0.989,-1.636,0
0.254,-0.845,-0.913,0
0.137,-0.865,-1.141,0
-0.149,-0.868,-1.713,0
-0.281,-0.782,-2.045,0
-0.363,-0.798,-2.292,0
-0.366,-0.731,-2.353,0
-0.368,-0.568,-2.186,0
-0.323,-0.593,-1.856,0
-0.146,-0.563,-1.043,0
-0.023,-0.453,-0.635,0
0.184,-0.287,0.029,0
0.17,-0.232,0.459,0
0.01,-0.271,0.853,0
-0.242,-0.361,0.965,0
-0.243,-0.355,0.962,0
-0.85,-0.642,0.975,0
-0.836,-0.606,1.147,0
-0.752,-0.549,1.261,0
-0.482,-0.315,1.325,0
-0.241,-0.129,1.339,0
0.027,0.133,1.538,0
0.124,0.217,1.689,0
-0.001,0.165,1.943,0
-0.191,0.069,1.94,0
-0.664,-0.012,1.719,0
-0.878,-0.039,1.557,0
-1.093,0.028,1.101,1
-1.17,0.098,0.941,1
-1.447,0.174,0.702,1
-1.476,0.222,0.565,1
-1.022,0.347,-0.019,1
-0.699,0.321,-0.331,1
-0.377,0.016,0.064,1
-0.331,-0.418,1,1
-0.47,-0.951,2.941,1
-0.883,-1.391,4.043,1
-1.58,-2.004,4.824,1
-1.967,-2.051,4.435,1
-1.969,-1.902,2.47,1
-1.88,-1.742,0.931,1
-1.84,-1.425,-0.886,1
-1.693,-1.268,-1.694,1
-1.489,-1.019,-2.571,1
-1.466,-0.937,-2.705,1
-1.148,-0.714,-2.397,1
-1.079,-0.762,-1.755,1
-0.847,-0.908,-0.537,1
-0.829,-1.035,0.207,0
-0.797,-1.092,0.957,0
-0.927,-1.095,1.401,0
-1.155,-1.264,1.62,0
-1.318,-1.289,1.257,0
-1.512,-1.344,0.514,0
-1.472,-1.29,0.062,0
-1.356,-1.053,-0.72,0
-1.301,-0.812,-1.105,0
-1.256,-0.635,-1.07,0
-1.338,-0.628,-0.884,0
-1.479,-0.639,-0.275,0
-1.588,-0.654,0.273,0
-1.572,-0.635,0.264,0
-1.442,-0.533,1.158,0
-1.184,-0.33,1.078,0
-1.124,-0.317,0.727,0
-1.121,-0.342,0.737,0
-1.036,-0.292,-0.819,0
-0.957,-0.3,-1.177,0
-0.947,-0.336,-1.077,0
-0.891,-0.418,-0.2,0
-0.907,-0.506,0.515,0
-0.979,-0.563,1.46,0
-1.081,-0.602,1.768,0
-1.13,-0.657,1.652,0
-1.001,-0.576,1.083,0
-0.693,-0.399,0.143,0
-0.576,-0.366,-0.076,0
-0.424,-0.333,-0.112,0
-0.357,-0.381,0.082,0
-0.234,-0.632,0.699,0
-0.394,-0.687,1.059,0
-0.411,-0.702,1.068,0
-0.67,-0.624,1.071,0
-0.353,-0.595,0.708,0
-0.167,-0.528,0.704,0
0.026,-0.322,1.078,0
0.089,-0.2,1.4,0
0.05,-0.185,1.718,1
-0.109,-0.226,1.699,1
-0.295,-0.14,1.164,1
-0.257,-0.223,0.665,1
-0.285,-0.379,0.098,1
-0.35,-0.579,0.044,1
-0.644,-0.918,0.7,1
-0.744,-1.014,1.286,1
-0.856,-1.1,2.01,1
-0.985,-1.148,2.136,1
-0.991,-1.201,1.813,1
-0.826,-1.14,1.387,1
-0.6,-1.012,0.646,1
-0.513,-0.92,0.486,1
-0.419,-0.951,0.383,1
-0.505,-1.036,0.583,1
-0.582,-1.169,0.942,1
-0.564,-1.195,1.017,1
-0.499,-1.172,0.811,1
-0.415,-1.097,0.525,1
-0.293,-0.967,-0.224,1
-0.274,-0.952,-0.696,0
-0.223,-0.872,-1.277,0
-0.163,-0.714,-1.498,0
0.02,-0.483,-1.709,0
0.155,-0.402,-1.823,0
0.153,-0.422,-1.815,0
0.283,-0.07,-2.096,0
0.066,-0.129,-2.225,0
-0.015,-0.115,-2.302,0
-0.216,-0.156,-2.088,0
-0.289,-0.204,-1.932,0
-0.365,-0.173,-1.439,0
-0.272,-0.044,-1.015,0
-0.037,0.08,-0.714,0
0.104,0.187,-0.83,0
0.178,0.223,-0.904,0
0.163,0.153,-0.725,0
0.121,0.206,-0.37,0
-0.054,0.208,-0.182,0
-0.482,-0.007,0.187,0
-0.694,-0.125,0.35,0
-0.73,-0.144,0.501,0
-0.628,-0.077,0.629,0
-0.48,0.039,0.857,0
-0.406,0.133,0.953,0
-0.271,0.276,1.057,0
-0.3,0.297,1.177,0
-0.432,0.235,1.378,0
-0.564,0.161,1.563,0
-0.82,0.07,1.971,0
-0.828,0.04,2.148,0
-0.629,0.16,2.068,0
-0.483,0.188,1.91,0
-0.356,0.338,1.28,1
-0.527,0.415,0.878,1
-0.736,0.411,0.266,1
-0.797,0.372,-0.064,1
-0.739,0.266,-0.367,1
-0.657,0.114,-0.334,1
-0.308,-0.308,0.669,1
-0.02,-0.557,1.662,1
0.045,-1.011,3.424,1
-0.118,-1.375,4.171,1
-0.147,-1.323,4.149,1
-0.785,-1.567,3.714,1
-1.283,-1.794,1.713,1
-1.398,-1.788,0.48,1
-1.526,-1.631,-1.156,1
-1.495,-1.592,-1.867,1
-1.396,-1.412,-2.357,1
-1.27,-1.201,-2.154,1
-0.894,-1.002,-1.36,1
-0.712,-0.95,-0.868,1
-0.632,-1.007,-0.38,1
-0.673,-1.073,-0.345,0
-0.741,-1.146,-0.592,0
-0.593,-1.11,-0.887,0
-0.364,-0.977,-0.932,0
-0.389,-0.975,-0.73,0
-0.464,-1.009,-0.318,0
-0.503,-0.99,-0.144,0
-0.624,-0.932,-0.217,0
-0.75,-0.907,-0.329,0
-0.86,-0.802,-0.745,0
-0.898,-0.724,-1.054,0
-0.827,-0.582,-1.441,0
-0.739,-0.494,-1.503,0
-0.553,-0.291,-1.358,0
-0.506,-0.231,-1.193,0
-0.412,-0.216,-0.767,0
-0.207,-0.08,-0.364,0
0.018,0.08,-0.07,0
-0.036,0.081,-0.114,0
-0.203,-0.112,-0.374,0
-0.297,-0.273,-0.436,0
-0.358,-0.358,-0.055,0
-0.294,-0.344,0.26,0
-0.212,-0.325,0.734,0
-0.28,-0.267,0.974,0
-0.527,-0.334,1.18,0
-0.62,-0.403,1.208,0
-0.521,-0.298,1.551,0
-0.341,-0.312,1.692,0
-0.172,-0.228,1.745,0
-0.071,-0.048,1.772,0
0.026,0.089,1.423,0
0.116,0.052,0.918,0
0.094,-0.071,0.068,0
0.07,-0.118,-0.265,0
-0.212,-0.277,-0.011,1
-0.38,-0.358,0.662,1
-0.491,-0.377,2.033,1
-0.475,-0.278,2.566,1
-0.49,-0.249,2.554,1
-0.118,0.006,2.875,1
0.313,0.085,2.23,1
0.601,0.019,1.855,1
0.884,-0.123,1.758,1
0.728,-0.275,2.048,1
0.126,-0.686,2.51,1
-0.143,-0.799,2.387,1
-0.551,-0.976,1.737,1
-0.705,-1.063,1.239,1
-0.604,-1.011,0.499,1
-0.535,-0.956,0.107,1
-0.307,-0.78,-0.275,1
-0.175,-0.735,-0.353,1
-0.069,-0.77,-0.439,1
-0.011,-0.774,-0.525,1
0.057,-0.838,-0.683,1
0.166,-0.893,-0.838,0
0.162,-0.948,-1.057,0
0.071,-0.959,-1.117,0
-0.012,-1.054,-1.132,0
-0.063,-1.056,-1.209,0
-0.106,-0.941,-1.481,0
-0.069,-0.852,-1.693,0
-0.048,-0.617,-2.131,0
-0.082,-0.504,-2.287,0
0.005,-0.238,-2.357,0
0.052,-0.167,-2.357,0
-0.13,-0.143,-2.15,0
-0.269,-0.188,-1.932,0
-0.489,-0.36,-1.737,0
-0.55,-0.45,-1.458,0
-0.507,-0.513,-0.982,0
-0.508,-0.504,-0.779,0
-0.294,-0.532,-0.018,0
-0.178,-0.517,0.468,0
0.02,-0.43,0.751,0
-0.046,-0.449,0.88,0
-0.094,-0.506,0.642,0
-0.095,-0.438,0.528,0
-0.309,-0.371,0.561,0
-0.438,-0.369,0.532,0
-0.56,-0.17,0.585,0
-0.461,-0.034,0.713,0
-0.345,0.073,0.882,0
-0.301,0.146,1.056,0
-0.118,0.25,1.631,0
0.041,0.347,2.177,0
0.195,0.455,2.697,0
0.07,0.487,2.696,0
0.047,0.42,2.033,0
0.009,0.377,1.587,0
0.02,0.357,1.596,1
-0.464,0.185,1.152,1
-0.809,0.101,0.983,1
-0.876,-0.059,0.897,1
-0.996,-0.423,0.771,1
-1.095,-0.612,0.862,1
-1.102,-0.595,0.855,1
-0.922,-1.096,1.277,1
-0.699,-1.097,1.561,1
-0.552,-1.01,1.523,1
-0.31,-0.85,1.107,1
-0.159,-0.738,0.809,1
-0.322,-0.735,0.198,1
-0.546,-0.846,0.057,1
-0.827,-0.941,0.097,1
-0.882,-0.994,0.063,1
-0.975,-0.974,0.006,1
-0.932,-0.941,0.05,1
-0.597,-0.893,0.381,1
-0.371,-0.823,0.499,1
-0.169,-0.803,0.562,1
-0.132,-0.827,0.419,0
-0.291,-0.928,0.033,0
-0.452,-1.009,-0.275,0
-0.699,-1.142,-0.858,0
-0.752,-1.159,-1.134,0
-0.629,-1.007,-1.383,0
-0.539,-0.887,-1.474,0
-0.501,-0.696,-1.563,0
-0.463,-0.647,-1.647,0
-0.498,-0.565,-1.781,0
-0.53,-0.52,-1.9,0
-0.627,-0.435,-1.904,0
-0.78,-0.484,-1.666,0
-0.912,-0.573,-1.202,0
-0.963,-0.57,-0.761,0
-1.016,-0.596,-0.164,0
-0.96,-0.558,0.016,0
-0.857,-0.542,-0.115,0
-0.809,-0.491,-0.174,0
-0.568,-0.34,-0.213,0
-0.421,-0.332,-0.245,0
-0.418,-0.331,-0.245,0
-0.381,-0.256,0.238,0
-0.479,-0.199,0.653,0
-0.511,-0.201,0.761,0
-0.508,-0.217,0.843,0
-0.398,-0.266,0.965,0
-0.309,-0.147,1.106,0
-0.287,-0.075,1.161,0
-0.174,0.01,1.223,0
-0.051,0.115,1.134,0
0.154,0.22,0.677,0
0.171,0.192,0.508,0
0.034,0.031,0.516,0
-0.167,-0.046,0.806,0
-0.16,-0.036,0.801,1
-0.634,-0.151,1.614,1
-0.731,0.072,1.437,1
-0.551,0.161,1.118,1
0.107,0.078,0.807,1
0.514,-0.067,0.93,1
0.867,-0.578,2.601,1
0.883,-0.777,3.542,1
0.24,-1.265,5.061,1
-0.139,-1.423,5.494,1
-0.34,-1.508,4.631,1
-0.159,-1.448,3.142,1
0.1,-1.181,0.697,1
0.265,-0.937,-0.383,1
0.495,-0.745,-1.524,1
0.504,-0.723,-1.994,1
0.472,-0.676,-2.39,1
0.467,-0.777,-2.26,1
0.458,-0.953,-1.688,1
0.476,-1.001,-1.406,1
0.482,-0.995,-1.409,1
0.516,-1.001,-1.059,0
0.372,-0.932,-1.057,0
0.231,-0.941,-1.099,0
0.151,-0.818,-1.327,0
0.26,-0.641,-1.56,0
0.251,-0.662,-1.552,0
0.394,-0.269,-1.926,0
0.322,-0.13,-1.735,0
0.309,-0.14,-1.417,0
0.268,-0.108,-0.784,0
0.269,-0.094,-0.506,0
0.165,-0.153,-0.352,0
0.014,-0.288,-0.148,0
-0.204,-0.366,0.264,0
-0.185,-0.378,0.323,0
-0.073,-0.232,0.244,0
0.093,-0.113,0.162,0
0.084,-0.121,0.165,0
0.412,0.176,-0.402,0
0.709,0.371,-0.499,0
0.711,0.404,-0.426,0
0.294,0.257,-0.083,0
0.014,0.088,0.152,0
-0.295,-0.109,0.381,0
-0.339,-0.186,0.434,0
-0.28,-0.168,0.61,0
-0.189,-0.165,0.86,0
-0.077,-0.182,1.213,0
-0.011,-0.088,1.425,0
0.22,0.157,1.791,0
0.371,0.282,2.101,0
0.369,0.494,2.47,0
0.248,0.488,2.414,0
0.233,0.462,2.425,1
-0.19,0.434,1.559,1
-0.343,0.41,0.842,1
-0.307,0.384,0.595,1
-0.127,0.156,0.549,1
0.042,-0.002,0.703,1
0.029,0.012,0.698,1
0.445,-0.759,2.022,1
0.268,-1.237,3.077,1
-0.078,-1.365,3.524,1
-0.754,-1.682,3.481,1
-0.981,-1.797,2.866,1
-0.939,-1.672,1.12,1
-0.707,-1.426,0.132,1
-0.483,-1.263,-0.977,1
-0.37,-1.177,-1.55,1
-0.404,-1.052,-2.073,1
-0.505,-1.02,-2.154,1
-0.437,-1.039,-1.89,1
-0.31,-0.999,-1.535,1
-0.01,-0.863,-0.943,1
0.099,-0.786,-0.769,0
0.015,-0.744,-0.597,0
-0.171,-0.817,-0.599,0
-0.713,-1.011,-0.677,0
-0.959,-1.102,-0.726,0
-1.135,-1.136,-0.789,0
-1.101,-1.077,-0.787,0
-1.067,-0.975,-0.76,0
-0.955,-0.808,-0.75,0
-0.963,-0.802,-0.752,0
-0.484,-0.329,-0.361,0
-0.45,-0.074,-0.119,0
-0.514,0.018,-0.213,0
-0.694,-0.054,-0.368,0
-0.751,-0.044,-0.466,0
-0.759,-0.06,-0.49,0
-0.761,-0.098,-0.318,0
-0.626,-0.059,0.139,0
-0.58,-0.056,0.36,0
-0.469,-0.085,0.712,0
-0.331,-0.129,0.769,0
-0.168,-0.13,0.653,0
-0.144,-0.152,0.553,0
-0.132,-0.253,0.274,0
-0.222,-0.32,0.204,0
-0.278,-0.369,0.319,0
-0.239,-0.432,0.59,0
-0.039,-0.492,0.895,0
0.015,-0.445,1.076,0
0.006,-0.397,1.257,0
-0.11,-0.327,1.114,0
-0.166,-0.062,0.658,0
-0.147,-0.125,0.349,0
-0.019,-0.251,0.062,0
-0.05,-0.288,0.096,0
-0.337,-0.406,0.711,1
-0.505,-0.544,1.29,1
-0.785,-0.606,2.184,1
-0.826,-0.534,2.417,1
-0.268,-0.542,2.463,1
0.276,-0.496,2.032,1
0.937,-0.568,2.091,1
1.106,-0.689,2.676,1
0.801,-0.967,3.516,1
0.509,-1.128,3.652,1
0.187,-1.23,2.629,1
0.022,-1.269,1.54,1
-0.055,-1.351,-0.047,1
0.022,-1.243,-0.945,1
-0.137,-1.196,-1.409,1
-0.253,-1.215,-1.43,1
-0.112,-0.952,-1.557,1
0.14,-0.791,-1.674,1
0.133,-0.793,-1.673,1
0.551,-0.503,-1.707,1
0.519,-0.484,-1.537,1
0.425,-0.542,-1.375,0
0.211,-0.678,-1.129,0
0.128,-0.708,-1.03,0
0.099,-0.679,-1.018,0
0.063,-0.654,-1,0
0.129,-0.47,-0.891,0
0.196,-0.34,-0.907,0
0.389,-0.018,-1.079,0
0.437,0.097,-1.245,0
0.349,0.125,-1.406,0
0.242,0.061,-1.444,0
-0.013,-0.06,-1.345,0
-0.143,-0.209,-1.204,0
-0.179,-0.33,-0.877,0
-0.089,-0.345,-0.687,0
0.276,-0.222,-0.438,0
0.41,-0.127,-0.242,0
0.465,-0.031,-0.039,0
0.393,0.008,0.133,0
0.156,-0.15,0.266,0
-0.035,-0.122,0.105,0
-0.354,-0.162,-0.143,0
-0.452,-0.22,-0.288,0
-0.502,-0.175,-0.169,0
-0.388,-0.076,0.208,0
-0.129,0.055,0.96,0
0.046,0.075,1.166,0
0.061,0.099,1.536,0
0.122,0.223,1.877,0
0.379,0.228,2.333,0
0.477,0.214,2.569,0
0.323,0.256,2.581,0
0.12,0.242,2.375,1
-0.121,0.14,1.541,1
-0.223,0.17,0.986,1
-0.564,0.316,0.318,1
-0.775,0.338,0.076,1
-1.01,0.414,-0.455,1
-1.129,0.376,-0.671,1
-1.288,-0.033,-0.621,1
-1.149,-0.389,-0.546,1
-0.583,-0.924,0.515,1
-0.057,-1.035,1.702,1
0.471,-1.146,3.648,1
0.447,-1.218,4.406,1
0.113,-1.212,3.945,1
-0.343,-1.394,2.634,1
-0.94,-1.6,0.85,1
-1.014,-1.518,0.019,1
-1.201,-1.273,-0.873,1
-1.352,-1.257,-1.138,1
-1.455,-1.09,-1.231,1
-1.313,-0.906,-1.101,1
-0.812,-0.694,-0.779,0
-0.502,-0.589,-0.706,0
0.056,-0.393,-0.595,0
0.172,-0.371,-0.544,0
0.141,-0.409,-0.514,0
0.07,-0.449,-0.585,0
-0.241,-0.667,-0.542,0
-0.427,-0.706,-0.447,0
-0.626,-0.657,-0.343,0
-0.675,-0.67,-0.432,0
-0.676,-0.665,-0.434,0
-0.779,-0.519,-0.687,0
-0.596,-0.427,-0.809,0
-0.542,-0.349,-0.858,0
-0.472,-0.238,-0.615,0
-0.441,-0.215,-0.401,0
-0.408,-0.19,0.04,0
-0.384,-0.217,0.198,0
-0.354,-0.243,-0.193,0
-0.392,-0.233,-0.488,0
-0.464,-0.308,-0.967,0
-0.273,-0.292,-1.25,0
-0.033,-0.129,-1.411,0
0.147,-0.014,-1.305,0
0.27,0.235,-0.967,0
0.13,0.233,-0.603,0
-0.156,-0.001,-0.006,0
-0.298,-0.096,0.342,0
-0.302,-0.282,1.034,0
-0.293,-0.379,1.316,0
-0.361,-0.522,1.509,0
-0.335,-0.537,1.609,0
-0.146,-0.349,1.554,0
-0.124,-0.157,1.27,0
-0.103,-0.162,1.271,0
-0.089,0.053,0.212,0
0.21,0.008,-0.13,0
0.305,0.129,0.062,0
0.187,0.129,1.109,0
0.119,0.094,1.681,1
0.097,0.104,1.678,1
-0.138,0.193,2.15,1
0.17,0.115,1.393,1
0.353,0.011,0.956,1
0.367,0.032,0.946,1
0.335,-0.672,1.961,1
-0.104,-1.12,3.021,1
-0.635,-1.335,3.097,1
-1.149,-1.71,2.788,1
-1.065,-1.659,2.234,1
-0.598,-1.301,0.821,1
-0.36,-1.114,-0.08,1
-0.043,-0.921,-0.778,1
0.101,-0.793,-0.914,1
0.113,-0.744,-0.99,1
0.052,-0.802,-0.995,1
0.061,-0.942,-0.774,1
0.1,-0.983,-0.609,1
0.004,-1.081,-0.144,1
-0.087,-1.127,0.041,1
-0.169,-1.136,0.119,0
-0.124,-1.057,0.002,0
0.087,-0.816,-0.605,0
0.273,-0.59,-1.124,0
0.55,-0.219,-1.984,0
0.643,-0.058,-2.397,0
0.65,0.15,-2.811,0
0.492,0.122,-2.88,0
0.009,-0.107,-2.382,0
-0.211,-0.229,-1.796,0
-0.216,-0.217,-1.8,0
-0.256,-0.384,-0.167,0
-0.147,-0.274,0.389,0
0.009,-0.202,0.621,0
0.457,-0.069,0.402,0
0.563,-0.048,0.009,0
0.35,-0.159,-0.305,0
0.208,-0.309,-0.338,0
-0.061,-0.423,-0.178,0
-0.187,-0.391,0.006,0
-0.299,-0.313,0.266,0
-0.422,-0.308,0.339,0
-0.487,-0.172,0.288,0
-0.323,0.025,0.254,0
-0.311,0.017,0.257,0
0.182,0.362,0.422,0
0.371,0.309,0.788,0
0.426,0.208,1.071,0
0.397,0.214,1.469,0
0.303,0.083,1.848,0
0.277,0.069,1.855,0
0.044,-0.029,1.804,1
0.174,0.104,1.332,1
0.155,0.159,1.182,1
0.011,0.35,1.068,1
-0.009,0.432,0.945,1
-0.009,0.404,0.536,1
-0.002,0.306,0.142,1
0.001,-0.078,0.269,1
0.046,-0.362,0.821,1
0.232,-0.747,2.37,1
-0.12,-1.065,3.494,1
-0.711,-1.617,4.642,1
-1.048,-1.672,4.754,1
-1.17,-1.541,3.532,1
-1.176,-1.52,2.265,1
-0.962,-1.206,0.44,1
-0.643,-0.941,-0.307,1
-0.261,-0.456,-1.569,1
-0.108,-0.307,-2.04,1
0.125,-0.207,-2.259,1
0.159,-0.235,-2.059,1
-0.02,-0.461,-1.335,0
-0.228,-0.627,-0.783,0
-0.405,-0.789,-0.131,0
-0.384,-0.818,0.011,0
-0.121,-0.645,-0.295,0
0.136,-0.48,-0.626,0
0.389,-0.243,-1.26,0
0.402,-0.212,-1.611,0
-0.014,-0.372,-1.735,0
-0.375,-0.492,-1.579,0
-0.797,-0.69,-1.221,0
-0.905,-0.719,-1.068,0
-1.103,-0.748,-0.844,0
-1.115,-0.713,-0.763,0
-0.873,-0.461,-0.628,0
-0.672,-0.313,-0.788,0
-0.323,-0.085,-0.991,0
-0.221,0.045,-1.129,0
-0.24,0.053,-1.275,0
-0.271,-0.057,-1.178,0
-0.431,-0.294,-0.791,0
-0.532,-0.338,-0.365,0
-0.519,-0.425,0.443,0
-0.536,-0.426,0.727,0
-0.788,-0.487,1.13,0
-0.768,-0.462,1.31,0
-0.266,-0.167,1.492,0
0.008,-0.025,1.436,0
0.458,0.115,1.398,0
0.643,0.13,1.393,0
0.793,0.205,1.215,0
0.663,0.15,0.916,0
0.104,-0.109,0.231,0
-0.173,-0.251,-0.059,0
-0.254,-0.419,-0.253,0
-0.226,-0.41,-0.033,0
-0.246,-0.329,0.854,0
-0.214,-0.249,1.372,0
-0.266,-0.005,1.614,1
-0.392,0.159,1.32,1
-0.231,0.221,0.358,1
0.122,0.169,-0.246,1
0.913,0.077,-0.772,1
1.014,-0.087,-0.041,1
0.968,-0.533,1.891,1
0.695,-0.715,2.967,1
-0.132,-1.219,4.204,1
-0.516,-1.336,4.181,1
-0.777,-1.425,3.073,1
-0.71,-1.403,1.849,1
-0.312,-1.054,-0.322,1
-0.154,-0.777,-1.159,1
-0.013,-0.732,-1.812,1
0.052,-0.702,-1.9,1
0.114,-0.648,-1.305,1
0.127,-0.773,-0.589,1
0.035,-0.979,0.529,1
0.006,-1.005,0.8,1
-0.013,-1.004,0.528,1
0.01,-0.985,0.146,0
0.164,-0.744,-0.979,0
0.184,-0.63,-1.727,0
0.197,-0.667,-1.715,0
0.565,-0.203,-2.903,0
0.658,0.095,-3.172,0
0.696,0.252,-3.05,0
0.591,0.367,-2.444,0
0.465,0.312,-1.931,0
0.193,0.138,-0.846,0
-0.005,0.102,-0.42,0
-0.195,-0.023,0.006,0
-0.206,-0.127,0.125,0
-0.075,-0.176,0.01,0
0.124,-0.126,-0.137,0
0.55,0.016,-0.256,0
0.644,0.054,-0.174,0
0.569,0.07,0.288,0
0.439,0.018,0.473,0
0.069,0.004,0.597,0
-0.216,-0.074,0.573,0
-0.515,-0.198,0.421,0
-0.634,-0.214,0.37,0
-0.578,-0.192,0.541,0
-0.508,-0.166,0.825,0
-0.365,-0.044,1.349,0
-0.31,-0.065,1.542,0
-0.211,0.094,1.752,0
-0.127,0.189,1.955,0
-0.135,0.172,1.962,0
0.212,0.479,1.535,0
0.139,0.464,1.022,1
0.034,0.477,0.82,1
-0.212,0.451,0.8,1
-0.387,0.373,0.757,1
-0.606,0.276,0.463,1
-0.529,0.261,0.325,1
-0.048,0.212,0.182,1
0.347,0.075,0.558,1
0.623,-0.341,1.948,1
0.648,-0.535,2.812,1
0.091,-0.913,3.76,1
-0.379,-1.156,3.856,1
-0.755,-1.212,2.708,1
-0.674,-1.036,1.64,1
-0.35,-0.841,-0.127,1
-0.197,-0.705,-0.882,1
-0.118,-0.528,-1.604,1
-0.088,-0.459,-1.673,1
0.015,-0.443,-1.158,1
0,-0.511,-0.716,1
-0.029,-0.502,-0.718,1
-0.143,-0.829,-0.092,0
-0.266,-0.951,-0.373,0
-0.26,-0.992,-0.636,0
-0.247,-1.002,-1.125,0
-0.325,-1.074,-1.409,0
-0.409,-1.054,-1.661,0
-0.384,-1.042,-1.609,0
-0.351,-0.933,-1.278,0
-0.276,-0.803,-1.09,0
-0.276,-0.8,-1.09,0
-0.249,-0.53,-0.978,0
-0.508,-0.498,-1.392,0
-0.594,-0.45,-1.644,0
-0.626,-0.45,-1.784,0
-0.507,-0.31,-1.743,0
-0.328,-0.097,-1.355,0
-0.194,-0.014,-1.024,0
-0.117,-0.005,-0.527,0
-0.233,-0.023,-0.254,0
-0.424,-0.213,0.104,0
-0.505,-0.293,0.262,0
-0.504,-0.293,0.262,0
-0.653,-0.425,1,0
-0.605,-0.435,1.161,0
-0.446,-0.332,1.249,0
-0.323,-0.233,1.588,0
-0.357,-0.28,1.742,0
-0.436,-0.435,1.944,0
-0.434,-0.46,1.947,0
-0.297,-0.231,1.62,0
-0.292,-0.123,1.195,0
-0.275,-0.153,1.206,0
-0.365,-0.063,-0.069,0
-0.14,0.11,-0.2,0
-0.115,0.275,0.04,0
-0.194,0.387,0.721,0
-0.26,0.46,1.148,0
-0.261,0.468,1.145,1
-0.142,0.515,1.31,1
0.708,0.253,1.105,1
0.923,0.029,1.395,1
0.965,-0.555,2.594,1
0.567,-0.787,3.46,1
-0.17,-1.282,4.439,1
-0.457,-1.499,4.36,1
-0.771,-1.553,3.114,1
-0.666,-1.49,1.785,1
-0.53,-1.459,-0.219,1
-0.333,-1.276,-0.842,1
-0.126,-0.958,-1.258,1
-0.034,-0.857,-1.31,1
0.202,-0.707,-1.203,1
0.349,-0.603,-1.141,1
0.4,-0.626,-1.12,1
0.295,-0.74,-1.15,1
0.141,-0.912,-1.093,1
0.075,-0.887,-1.137,1
0.139,-0.8,-1.198,1
0.224,-0.706,-1.212,0
0.34,-0.542,-1.239,0
0.33,-0.489,-1.279,0
0.332,-0.365,-1.355,0
0.399,-0.326,-1.461,0
0.401,-0.247,-1.844,0
0.35,-0.246,-1.931,0
0.035,-0.385,-1.84,0
-0.185,-0.504,-1.689,0
-0.335,-0.525,-1.084,0
-0.293,-0.607,-0.678,0
-0.049,-0.424,-0.076,0
0.047,-0.312,0.197,0
0.138,-0.348,0.278,0
0.221,-0.33,0.048,0
0.231,-0.338,0.05,0
0.375,-0.262,-0.524,0
0.501,-0.039,-0.297,0
0.465,0.049,-0.064,0
0.22,0.024,0.033,0
0.074,-0.042,0.02,0
-0.074,-0.065,-0.01,0
-0.052,-0.014,0.07,0
-0.098,0.032,0.593,0
-0.035,0.089,1.067,0
0.172,0.195,1.964,0
0.322,0.238,2.29,0
0.535,0.367,2.708,0
0.614,0.389,2.68,0
0.606,0.363,2.69,0
0.305,0.324,1.147,0
-0.204,0.271,0.501,1
-0.247,0.267,0.486,1
-0.417,0.386,0.234,1
-0.415,0.288,0.02,1
-0.591,-0.044,-0.199,1
-0.605,-0.406,0.069,1
-0.302,-0.912,1.566,1
-0.085,-0.97,2.742,1
0.028,-1.136,4.547,1
0.019,-1.232,5.248,1
-0.142,-1.014,4.852,1
-0.239,-0.923,3.478,1
-0.356,-0.757,0.616,1
-0.235,-0.545,-0.579,1
-0.247,-0.447,-1.727,1
-0.423,-0.467,-2.129,1
-0.843,-0.534,-1.893,1
-0.937,-0.639,-1.136,1
-0.67,-0.671,0.367,1
-0.436,-0.58,0.924,1
-0.108,-0.534,1.017,1
-0.021,-0.553,0.737,0
0.015,-0.612,-0.024,0
-0.044,-0.646,-0.475,0
-0.243,-0.813,-1.026,0
-0.236,-0.824,-1.022,0
-0.656,-1.042,-1.401,0
-0.686,-1.028,-1.423,0
-0.562,-0.911,-1.214,0
-0.461,-0.761,-1.029,0
-0.424,-0.541,-0.858,0
-0.419,-0.547,-0.856,0
-0.557,-0.45,-0.659,0
-0.682,-0.476,-0.805,0
-0.915,-0.57,-1.178,0
-0.918,-0.587,-1.327,0
-0.76,-0.48,-1.44,0
-0.566,-0.407,-1.46,0
-0.258,-0.266,-1.349,0
-0.168,-0.271,-1.199,0
-0.085,-0.279,-0.794,0
-0.157,-0.308,-0.442,0
-0.415,-0.441,0.232,0
-0.551,-0.503,0.583,0
-0.66,-0.52,0.878,0
-0.634,-0.465,0.92,0
-0.338,-0.25,0.62,0
-0.179,-0.128,0.364,0
-0.102,-0.181,-0.082,0
0.037,-0.171,-0.059,0
0.433,0.011,0.596,0
0.486,0.039,1.108,0
0.154,0.007,1.487,0
-0.05,-0.142,1.475,0
-0.231,-0.35,1.154,0
-0.294,-0.382,0.973,0
-0.412,-0.413,1.046,0
-0.438,-0.407,1.252,0
-0.429,-0.407,1.251,1
-0.181,0.013,1.307,1
-0.047,0.088,0.801,1
0.325,0.084,0.324,1
0.917,-0.003,0.022,1
1.031,-0.18,0.507,1
0.9,-0.675,2.144,1
0.718,-0.764,2.85,1
-0.119,-1.41,3.957,1
-0.352,-1.463,3.542,1
-0.184,-1.201,1.884,1
0.138,-1.06,0.831,1
0.36,-0.884,-0.487,1
0.396,-0.855,-1.071,1
0.233,-0.912,-1.605,1
0.012,-1.023,-1.492,1
-0.008,-1.136,-0.652,1
0.117,-1.115,-0.145,1
0.28,-1.101,0.409,1
0.339,-1.093,0.475,1
0.345,-1.067,0.465,1
0.548,-0.937,0.046,0
0.75,-0.728,-0.61,0
0.751,-0.599,-1.096,0
0.694,-0.421,-1.496,0
0.721,-0.343,-1.534,0
0.85,-0.115,-1.812,0
0.874,0.02,-1.865,0
0.897,0.159,-1.852,0
0.848,0.16,-1.868,0
0.639,0.096,-1.471,0
0.63,0.085,-1.247,0
0.653,0.08,-0.91,0
0.602,0.022,-0.775,0
0.584,0.005,-0.284,0
0.674,0.007,0.121,0
0.646,0.007,0.474,0
0.71,-0.045,0.716,0
0.601,-0.081,0.759,0
0.44,-0.167,0.517,0
0.154,-0.243,0.123,0
0.107,-0.222,-0.051,0
0.133,-0.13,-0.072,0
0.065,-0.1,0.117,0
0.079,-0.026,0.647,0
0.061,-0.056,0.913,0
0.054,-0.078,0.921,0
0.154,-0.017,0.904,0
0.611,0.067,1.389,0
0.702,0.092,1.655,0
0.556,0.044,2.145,0
0.494,0.08,2.062,0
0.346,0.012,1.424,0
0.322,0.034,1.064,0
0.107,0.129,0.658,1
-0.055,0.152,0.522,1
-0.183,0.227,0.245,1
-0.221,0.224,0.038,1
-0.177,0.305,-0.147,1
0.11,0.345,-0.146,1
0.9,0.26,0.207,1
1.206,0.034,0.794,1
1.162,-0.53,2.301,1
0.855,-0.737,3.036,1
-0.074,-1.264,3.893,1
-0.547,-1.526,3.703,1
-0.875,-1.582,2.224,1
-0.775,-1.408,1.095,1
-0.629,-1.229,-0.066,1
-0.453,-1.032,-0.67,1
-0.123,-0.665,-1.41,1
0.072,-0.545,-1.442,1
0.371,-0.451,-1.093,1
0.489,-0.448,-0.862,1
0.554,-0.495,-0.709,1
0.499,-0.558,-0.746,0
0.355,-0.693,-0.925,0
0.288,-0.764,-0.994,0
0.285,-0.758,-0.997,0
0.058,-0.94,-1.064,0
-0.216,-1.069,-1.132,0
-0.264,-1.053,-1.059,0
-0.276,-0.96,-0.886,0
-0.257,-0.919,-0.664,0
-0.08,-0.651,-0.482,0
-0.086,-0.53,-0.193,0
-0.299,-0.598,0.177,0
-0.484,-0.669,0.209,0
-0.658,-0.681,0.143,0
-0.702,-0.723,-0.074,0
-0.698,-0.739,-0.068,0
-0.533,-0.615,-0.885,0
-0.06,-0.341,-1.092,0
0.22,-0.145,-1.215,0
0.578,0.048,-1.128,0
0.624,0.028,-0.935,0
0.385,-0.095,-0.521,0
0.17,-0.299,-0.158,0
-0.125,-0.671,0.283,0
-0.077,-0.737,0.561,0
0.171,-0.59,1.082,0
0.424,-0.483,1.463,0
0.82,-0.275,2.039,0
1.08,-0.194,2.117,0
1.333,-0.079,1.764,0
1.343,-0.038,1.392,0
1.058,-0.097,0.821,0
0.9,-0.158,0.729,0
0.91,-0.145,0.623,0
1.067,-0.117,0.534,0
1.325,0.044,0.692,0
1.436,0.106,0.885,0
1.588,0.247,1.22,1
1.692,0.333,1.34,1
1.91,0.396,0.94,1
2.025,0.323,0.477,1
1.969,0.05,0.52,1
1.746,-0.326,1.185,1
1.326,-1.001,2.64,1
0.86,-1.286,3.356,1
-0.136,-1.973,4.252,1
-0.532,-2.228,4.249,1
-0.643,-2.09,3.41,1
-0.41,-1.905,2.381,1
-0.027,-1.506,0.199,1
0.077,-1.385,-0.543,1
0.359,-1.19,-1.597,1
0.392,-1.126,-2.057,1
0.278,-1.133,-2.212,1
0.146,-1.13,-1.769,1
0.131,-1.173,-0.798,1
0.265,-1.141,-0.54,1
0.453,-0.941,-0.333,1
0.643,-0.783,-0.341,0
0.97,-0.528,-0.689,0
1.096,-0.36,-1.007,0
1.18,-0.174,-1.627,0
1.167,-0.109,-1.839,0
0.978,-0.084,-1.717,0
0.834,-0.099,-1.449,0
0.624,-0.125,-1.063,0
0.524,-0.129,-0.859,0
0.5,-0.101,-0.68,0
0.477,-0.093,-0.639,0
0.524,0.071,-0.55,0
0.522,0.069,-0.549,0
0.864,0.234,-0.278,0
0.798,0.237,-0.219,0
0.482,0.053,-0.034,0
0.261,-0.103,0.06,0
0.266,-0.103,0.06,0
-0.064,-0.281,0.429,0
0.025,-0.137,0.595,0
0.108,-0.027,0.55,0
0.221,0.181,0.135,0
0.242,0.31,-0.206,0
0.461,0.636,-0.64,0
0.576,0.729,-0.602,0
0.65,0.831,-0.174,0
0.55,0.786,0.189,0
0.201,0.565,0.692,0
0.223,0.498,0.984,0
0.005,0.289,1.785,0
-0.049,0.2,1.831,0
-0.01,0.346,1.697,0
-0.026,0.325,1.706,0
0.271,0.49,0.927,1
0.103,0.572,0.635,1
-0.528,0.562,0.126,1
-0.934,0.483,-0.337,1
-1.458,0.383,-0.749,1
-1.541,0.217,-0.819,1
-1.206,-0.335,-0.853,1
-0.95,-0.704,-0.482,1
-0.497,-1.302,1.372,1
-0.342,-1.53,2.633,1
-0.529,-2.016,4.646,1
-0.772,-1.958,5.075,1
-0.802,-1.636,3.45,1
-0.848,-1.441,1.673,1
-0.865,-1.17,-0.787,1
-0.757,-0.96,-1.92,1
-0.785,-0.596,-3.243,1
-0.99,-0.373,-3.575,1
-1.16,-0.287,-3.223,1
-1.158,-0.375,-2.611,1
-1.171,-0.497,-1.066,1
-1.171,-0.645,0.078,0
-0.985,-0.801,0.927,0
-0.887,-0.835,1.131,0
-0.779,-0.865,0.839,0
-0.78,-0.83,0.472,0
-0.856,-0.813,-0.045,0
-1.001,-0.835,-0.235,0
-1.261,-0.921,-0.397,0
-1.364,-0.897,-0.385,0
-1.392,-0.793,0.15,0
-1.342,-0.717,0.438,0
-1.317,-0.658,0.621,0
-1.359,-0.586,0.667,0
-1.132,-0.396,0.616,0
-0.937,-0.267,0.414,0
-0.802,-0.129,-0.217,0
-0.873,-0.172,-0.568,0
-0.992,-0.293,-1.046,0
-1,-0.306,-1.04,0
-1.083,-0.429,-1.429,0
-1.111,-0.426,-1.329,0
-1.057,-0.403,-0.982,0
-1.105,-0.394,-0.623,0
-1.158,-0.332,-0.046,0
-1.085,-0.239,0.307,0
-0.943,-0.074,0.64,0
-0.868,0.055,0.646,0
-0.705,0.155,0.434,0
-0.63,0.132,0.416,0
-0.482,0.001,0.519,0
-0.56,-0.065,0.634,0
-0.75,-0.081,0.714,0
-0.963,0.053,0.758,0
-1.176,0.344,0.567,0
-1.214,0.43,0.336,0
-1.081,0.636,0.039,0
-1.118,0.677,0.256,0
-1.192,0.75,0.927,0
-1.112,0.733,1.426,0
