2.908612290506727,1.063075770959034,2.9471316589322702,0.9041733917644648
2.9715901822130353,0.9528682183139752,2.9471316589322702,0.9041733917644648
2.9286440341395155,0.9199539269309358,2.9471316589322702,0.9041733917644648
2.9122342813980175,0.6070148800977936,2.930632230005269,0.575884296212912
2.92517209009606,0.5620046820761564,2.930632230005269,0.575884296212912
2.9339981106119906,0.5807165908818269,2.930632230005269,0.575884296212912
2.750413399270739,0.42948812600441333,2.710304145683887,0.4100336109215846
2.7031323461244074,0.4200890640247034,2.710304145683887,0.4100336109215846
2.7153540115512107,0.40802286095726026,2.710304145683887,0.4100336109215846
2.7083850578425857,0.2112727111629999,2.758734330961954,-0.3260887402955751
2.8962476769877123,0.1844876339041645,2.758734330961954,-0.3260887402955751
2.7241966438438943,0.08813941046103324,2.758734330961954,-0.3260887402955751
2.8551661456413298,-0.07399256912919384,2.8309816697565777,-0.3181051261604294
2.8565612899914106,-0.2587939329400152,2.828852971646061,-0.3227746616615786
2.8369763055429273,-0.3419980828033634,2.828852971646061,-0.3227746616615786
2.730452569193519,-0.3418949422539481,2.7247124724843435,-0.3343033849276605
2.873075531848874,-0.4832364952685451,2.7029679209841935,-0.6564335877698692
2.73871603951497,-0.6613758378543643,2.7029679209841935,-0.6564335877698692
2.7091000251077717,-0.6664715984138385,2.7029679209841935,-0.6564335877698692
2.7713607323384286,-0.7943795483317504,3.220436829774777,-1.7562437877103378
3.0002860621500558,-0.8633114779611433,3.220436829774777,-1.7562437877103378
2.829661907984961,-0.9415435724426997,3.220436829774777,-1.7562437877103378
3.0157240962206817,-0.8421771453468064,3.100658158020414,-1.749771608044817
3.280892674040726,-0.9315945053279225,3.100658158020414,-1.749771608044817
2.9970442124063927,-1.1068143005814837,3.100658158020414,-1.749771608044817
2.855575238289685,-1.139833656523147,2.8157598027213506,-2.059676117790911
2.819464158269696,-1.4249597308036885,2.0369048276434185,-3.1143495352515775
2.670982343108282,-1.637586919126015,2.0369048276434185,-3.1143495352515775
2.838779559536127,-1.5405138714014717,1.5675971137471556,-3.7957728187748865
2.46075405585984,-1.541590536812402,0.17454758749022492,-5.851039210972944
2.6732860597862285,-1.8422242464737262,0.17454758749022492,-5.851039210972944
2.4390098764455366,-1.730968413915784,0.17454758749022492,-5.851039210972944
2.541746936031096,-1.8746685122394617,0.17641224120297738,-5.848751316368813
2.7134866257076764,-2.091481317861072,0.17641224120297738,-5.848751316368813
2.450958922082531,-2.3599617783482123,0.17641224120297738,-5.848751316368813
2.215772686312832,-2.0937312804105717,0.19781073861979914,-5.837571518920421
2.540174891517059,-2.54459192058677,0.19781073861979914,-5.837571518920421
2.2079895697153598,-2.37758652697908,0.19781073861979914,-5.837571518920421
2.0172902592018027,-2.392304448772039,-0.6160547374727492,-7.02669036383948
2.0529533416165346,-2.550128735392599,-0.6150125142335703,-7.026138180009328
1.7544606244377585,-2.4193112552620986,-0.6150125142335703,-7.026138180009328
2.383496766027681,-2.947515004275973,-0.6156037944797468,-7.026797483310648
1.8397319204693519,-2.7195394869262133,-0.6156037944797468,-7.026797483310648
1.9503577780850125,-3.212034952518121,-0.6156037944797468,-7.026797483310648
2.197771041361467,-3.2859918770713334,0.47401468092821286,-5.4258285381483
1.4049065102399685,-3.1419418154748238,1.455766718047224,-3.9989340787250045
1.487235684483647,-3.0565280814786195,1.455766718047224,-3.9989340787250045
1.7249225334703744,-3.378079329837976,1.4539330789127445,-3.995979709706785
1.6405252847964413,-3.3855888289745577,0.8120747211518895,-4.920236494755482
1.4244641595383989,-3.573103028973105,0.8120747211518895,-4.920236494755482
1.3331630072354375,-3.4508996605834517,0.8120747211518895,-4.920236494755482
1.41331351706101,-3.602615306326382,-0.2969336951735977,-6.546178620396022
1.3432637875571598,-3.724491175736523,-0.2969336951735977,-6.546178620396022
1.095852499002397,-3.822233502195972,-0.2969336951735977,-6.546178620396022
1.430446069457137,-3.8327135536520567,0.1733544644663041,-5.859929795983016
0.9973765647401481,-3.6998452789338305,0.1733544644663041,-5.859929795983016
1.046464453967336,-3.753067066230446,0.1733544644663041,-5.859929795983016
1.1130568453108152,-3.8890059634850918,-0.6087789133252517,-6.991488789852475
1.0730389993316967,-3.984038839685032,-0.6192744933290641,-6.997771390599341
1.1658034552487506,-4.154623071786169,-0.6192744933290641,-6.997771390599341
1.04163407247606,-4.184752367041898,-0.6141373743661573,-6.995411802843327
1.051648595073165,-4.359826364888549,-0.6141373743661573,-6.995411802843327
0.9620588941694612,-4.420344775480267,-0.6141373743661573,-6.995411802843327
1.0881667073760999,-4.842811717036217,-0.6141373743661573,-6.995411802843327
1.046173402646295,-4.562853674981555,1.0389125149871874,-4.584680543923705
1.027368099425676,-4.581611801716297,1.0389125149871874,-4.584680543923705
1.0422969984114812,-4.58565716249245,1.0389125149871874,-4.584680543923705
1.1172391093145246,-4.784063986203502,0.6946664025187737,-5.070844435238719
0.7905825732841838,-4.750255075813802,0.6946664025187737,-5.070844435238719
0.7504962029263513,-5.04115127933475,0.6946664025187737,-5.070844435238719
0.7925192546208694,-4.791731966455485,0.4165391410260759,-5.477800782690683
0.6677400330187554,-5.056142751981714,0.4165391410260759,-5.477800782690683
0.5485796678017222,-5.202447239099188,0.4165391410260759,-5.477800782690683
0.563815702915863,-5.107797067436366,0.38720325344001805,-5.495470517860609
0.3738105267854521,-5.49185860170079,0.38720325344001805,-5.495470517860609
0.37003477611443303,-5.493661768034988,0.38720325344001805,-5.495470517860609
0.13685067671241968,-5.6087840216633404,0.15892011794221506,-5.831765450026165
0.22156863109338862,-5.590047768854184,-0.031073956555398796,-6.111491154193429
0.12193832258082826,-5.811745424116054,-0.031073956555398796,-6.111491154193429
0.09168139738274018,-6.08934324726092,-0.02712229703931257,-6.108632163586742
0.11979332710813399,-5.942089087768944,-1.1003783693404647,-7.673905013404493
0.18611025682918664,-5.971818021435088,-1.1003783693404647,-7.673905013404493
0.04300237912160934,-6.122717916424039,-1.1003783693404647,-7.673905013404493
0.14717617670167787,-5.89646601898207,0.14708496137972826,-5.863927224663687
0.15180486943127725,-5.854140986390327,0.14708496137972826,-5.863927224663687
0.15614235170726998,-5.869854728044824,0.14708496137972826,-5.863927224663687
0.17695203250485247,-6.006178793285407,-0.4257049234985326,-6.700589494510089
-0.06537436915466904,-5.942269420299861,-0.4257049234985326,-6.700589494510089
0.01813858403224218,-6.206012714462858,-0.4257049234985326,-6.700589494510089
-7.643574819320154e-05,-6.164837980285644,-2.463657844368873,-9.622328030486935
0.2197636032197902,-6.449814279674722,-2.4619965472013945,-9.62134881271851
-0.28422703624018736,-6.171871452347267,-2.4619965472013945,-9.62134881271851
-0.11515816364649392,-6.3774894090633865,-0.6988857059351916,-7.1227081439387305
-0.08682318854028424,-6.490908138476268,0.6731601697955578,-5.118199493922771
0.09658398277608717,-6.3167884400140775,0.6731601697955578,-5.118199493922771
-0.003626664547786984,-6.328641466090706,0.6621317145724614,-5.124865195383665
0.21126681925560387,-6.1619877579870606,0.6621317145724614,-5.124865195383665
0.17660991986330038,-6.210603271879344,0.6621317145724614,-5.124865195383665
-0.06262933665966447,-5.875447102229119,0.6621317145724614,-5.124865195383665
0.20478443265852733,-6.011835996605429,0.661276952660413,-5.121556978450244
-0.04660333088037541,-5.626088387068135,0.661276952660413,-5.121556978450244
0.2916088999214519,-5.7961022067028,0.661276952660413,-5.121556978450244
0.3218536168329633,-5.44908316196364,0.6523628887065072,-5.143583498419943
0.6048314282846394,-5.255159717607237,0.6489961363187802,-5.149023694591951
0.5964347320824733,-5.224385770710361,0.6489961363187802,-5.149023694591951
0.6829989193282946,-5.713288943818492,0.10850391566871265,-5.934363550051984
0.17235477239935482,-5.35665906318773,0.10850391566871265,-5.934363550051984
0.4675506399177417,-5.74319387180685,0.10850391566871265,-5.934363550051984
0.15071131528029785,-5.874946586600119,0.11470130743205509,-5.929391553688632
0.11033972879414061,-5.907583004482754,0.1100810202827649,-5.932172796568771
0.10934216373371283,-5.925053138050473,0.1100810202827649,-5.932172796568771
0.10516690218201538,-5.92318941645083,0.1100810202827649,-5.932172796568771
0.09100948417495498,-5.879309952907712,0.9718030797979935,-4.680366743747067
0.29222691497441733,-5.91658544902436,0.9718030797979935,-4.680366743747067
0.30495004408052395,-5.796939735193838,0.9718030797979935,-4.680366743747067
0.052592931191078496,-5.813294881380805,-0.28663649698585125,-6.510281358717636
-0.08624460752168024,-5.718850677401821,-0.28663649698585125,-6.510281358717636
0.11350534479939717,-5.861728671598263,-0.28663649698585125,-6.510281358717636
0.25842211930358083,-6.19479095915532,-1.3495658417004994,-8.050076110251407
0.1510771154739896,-6.139553663201905,-1.3495658417004994,-8.050076110251407
0.0526062982279069,-6.188851907954933,-1.3495658417004994,-8.050076110251407
0.2517078045939569,-6.03997813448726,0.27905669970858615,-5.700470713977797
0.09223948141166384,-5.792609252742388,0.2729274948128051,-5.70620447982979
0.28852770442206865,-5.724334678874603,0.2729274948128051,-5.70620447982979
-0.028401707108937163,-5.987951288872078,-0.21750410815042698,-6.418317532242202
-0.1564273957158403,-6.105198361937827,-0.21450559642884381,-6.416404689549369
-0.01596480328950535,-6.009431824575709,-0.21450559642884381,-6.416404689549369
-0.17167917152440076,-6.361591821560435,-0.21450559642884381,-6.416404689549369
-0.091399126778031,-6.346857677456909,-0.6200682903140855,-7.017839038959347
-0.2033178791114015,-6.418646572785971,-0.6200682903140855,-7.017839038959347
-0.285855197192232,-6.4226153473383185,-0.6200682903140855,-7.017839038959347
-0.3712687965734051,-6.639475436978394,-0.35576595130649724,-6.6314684579810885
-0.35402540073748556,-6.63565731982706,-0.35576595130649724,-6.6314684579810885
-0.3558060552005672,-6.63316553819747,-0.35576595130649724,-6.6314684579810885
-0.45138269754743315,-6.76297842889358,-0.453649055061198,-6.765959897595787
-0.4644777591166608,-6.771350241681244,-0.4615958464629948,-6.770743308534619
-0.47140533622114117,-6.785569842183949,-0.4615958464629948,-6.770743308534619
-0.5996543111095287,-6.907428818530653,-1.1674618584522336,-7.797149542816254
-0.5134158487619243,-6.928733587477118,-1.1674618584522336,-7.797149542816254
-0.6371275568774377,-6.901465567577841,-1.1674618584522336,-7.797149542816254
-0.5942545684507262,-6.9405019404347,0.3745909736924906,-5.549496109071768
-0.44480182579873495,-6.932620839773098,0.3823051229168546,-5.547264276251752
-0.5657937068545009,-6.589229670370656,0.3823051229168546,-5.547264276251752
-0.42671995120887063,-6.4861205193061,0.14890130329989182,-5.878554088721296
-0.18461190383294865,-6.553690765151964,-0.03189382269661789,-6.144551793098788
-0.2937175673914769,-6.4522469182630156,-0.03189382269661789,-6.144551793098788
-0.07650938220350093,-6.208968305096766,-0.03189382269661789,-6.144551793098788
-0.4049788340874238,-6.497053456320253,-1.4386142650506164,-8.194354756633638
-0.29291525197341056,-6.552632701718509,-1.4386142650506164,-8.194354756633638
-0.32590836667767054,-6.749482863671282,-1.4386142650506164,-8.194354756633638
-0.4838896141326583,-6.5218111334434665,0.8513201106627408,-4.859518824445955
-0.5019607755738758,-6.419281616908644,0.8513201106627408,-4.859518824445955
-0.24091686610691587,-6.516258846487179,0.8513201106627408,-4.859518824445955
-0.12450188924074304,-6.2972756797755185,0.29932661293770724,-5.675802336985612
-0.3578452515179273,-6.22781229404437,0.29932661293770724,-5.675802336985612
-0.15564948996113803,-6.193018356880716,0.29932661293770724,-5.675802336985612
-0.26773328057647977,-6.048935450452317,0.2984392326569756,-5.674697475781707
0.07078142976496504,-5.737834214071876,0.3018611248227807,-5.671415648573444
0.1281978208204817,-5.752352271532458,0.3018611248227807,-5.671415648573444
0.29291942033118534,-5.644683128558319,0.3018611248227807,-5.671415648573444
0.23907509062574672,-5.695325005870898,1.3281779093993724,-4.159278241839377
0.30441753984250397,-5.471325379698712,1.3281779093993724,-4.159278241839377
0.39755842629259996,-5.5078446293656205,1.3281779093993724,-4.159278241839377
0.6234012169814932,-5.562325773668631,0.9372728257110452,-4.715677312622503
0.30937645976590866,-5.21084687969831,0.9372728257110452,-4.715677312622503
0.8061515463301323,-5.18333676576635,0.9372728257110452,-4.715677312622503
0.8914128527091363,-4.932164280413019,0.9324886760766926,-4.715025818323629
0.9107331486345134,-4.8087486992447115,0.9324886760766926,-4.715025818323629
0.9222699407156865,-4.7054837359167685,0.9324886760766926,-4.715025818323629
0.9496810744191889,-4.700943106835241,0.9439433604427621,-4.713660245759332
0.959505166002979,-4.707286103318073,0.9571487196955042,-4.705610204538319
0.9542674349752085,-4.721208230575414,0.9571487196955042,-4.705610204538319
0.8770639549488778,-4.81764088551766,0.6473442781757592,-5.164781269086655
0.7098965595142132,-4.8305706101675066,0.3727824805603128,-5.558445739825318
0.8640430854399074,-4.863471623309812,0.3727824805603128,-5.558445739825318
0.573149266722332,-5.088885559466816,0.3769150933408081,-5.5541502088923265
0.47339044506581995,-5.093799787770472,-0.7170932289685421,-7.157418238542519
0.8674695613848612,-5.244851960342724,-0.7170932289685421,-7.157418238542519
0.37846852492766553,-5.167532787862205,-0.7170932289685421,-7.157418238542519
0.6510303818480565,-5.129600720148718,0.6611237726889923,-5.141297249334338
0.65731508062271,-5.147041695350668,0.6611237726889923,-5.141297249334338
0.6632214094224718,-5.138913448574609,0.6611237726889923,-5.141297249334338
0.5285997887127719,-5.1845939331665924,-0.11586718948943164,-6.27078123057362
0.5439126218874963,-5.195726958053141,-0.11586718948943164,-6.27078123057362
0.6277776174465133,-5.397347112523329,-0.11586718948943164,-6.27078123057362
0.39985684822796697,-5.4428942678097245,-1.5342569153011971,-8.323034397683337
0.3329680294376383,-5.388370338232533,-1.5342569153011971,-8.323034397683337
0.5676734976442771,-5.862034649649148,-1.5342569153011971,-8.323034397683337
0.1930473541635902,-5.525502407257625,-0.12176472443356223,-6.285151958808562
0.3005000585844968,-5.575645882951402,0.8039574130837956,-4.927671158889838
0.40549765635493107,-5.346611439822932,0.8039574130837956,-4.927671158889838
0.7081249573746662,-5.385886653122676,0.7961095666331397,-4.932387357165026
0.4064218895442996,-5.26435779975292,0.7951144280606237,-4.930869274039747
0.6283242276910661,-5.075669052535502,0.7951144280606237,-4.930869274039747
0.6278065321944539,-5.028555617948222,0.7951144280606237,-4.930869274039747
0.7689011211722312,-4.902065277141417,0.7977897698492971,-4.922063930978289
0.7934760407787864,-4.9261698476026385,0.7977897698492971,-4.922063930978289
0.7957516878460174,-4.915550500539622,0.7977897698492971,-4.922063930978289
0.7797704243696252,-4.964691926146505,0.7810979741521551,-4.9724170470347335
0.7737263791284918,-4.9666617227846395,0.7810979741521551,-4.9724170470347335
0.7856122738802861,-4.970950963055235,0.7810979741521551,-4.9724170470347335
0.804706283983294,-4.975002464217031,0.7810979741521551,-4.9724170470347335
0.7704444700063184,-4.976968173315062,0.7645690042011308,-4.982449156639873
0.7669706011226203,-4.986509454756732,0.7645690042011308,-4.982449156639873
0.6859717854080689,-5.010713553346726,-0.6550360178322978,-7.05332670892598
0.6364927922514352,-4.991592492607041,-0.681303776234347,-7.098488826726801
0.5311350347642022,-5.043695353486117,-0.681303776234347,-7.098488826726801
0.5001810447237273,-5.1331344790898665,-0.6641020683200187,-7.0881353656484025
0.6830316040909507,-5.080409031449528,0.7073116219994009,-5.084110165446976
0.7070265782953948,-5.088989619496746,0.7073116219994009,-5.084110165446976
0.7054643317537055,-5.083309920228102,0.7073116219994009,-5.084110165446976
0.6779285625279968,-5.07276249930386,0.21408180433007362,-5.814477246764777
0.5107714990272815,-5.315652683598995,0.21408180433007362,-5.814477246764777
0.433092802562658,-5.403609133555187,0.21408180433007362,-5.814477246764777
0.6298898093803549,-5.518022413190186,-1.3363819821855847,-8.057402758944896
0.3263106100717178,-5.760331270812117,-1.3363819821855847,-8.057402758944896
0.26694694423161064,-5.386176650830629,-1.3363819821855847,-8.057402758944896
0.2361478910004139,-5.738032493310002,0.2707765532677717,-5.71386961151264
0.2611897815993443,-5.713838946828638,0.2707765532677717,-5.71386961151264
0.2827189027886482,-5.716051822737134,0.2707765532677717,-5.71386961151264
0.15846169394435416,-5.679825045779864,-0.21156533189601534,-6.421638236533045
0.07983501830743958,-5.818202972399172,-0.32536116300471196,-6.588669953748037
0.043799272307856754,-5.858647816610334,-0.32536116300471196,-6.588669953748037
0.24268718623153004,-6.09586870745807,-0.31841847347838814,-6.584435465266818
0.11475872982419841,-6.076306465438277,-1.0464787013007961,-7.6372580360957265
0.07353419135985778,-6.243494422976622,-1.0464787013007961,-7.6372580360957265
0.06026245737949132,-6.30834879499356,-1.0464787013007961,-7.6372580360957265
-0.12712768364835877,-6.154076591644446,1.252963165244705,-4.267797963441765
0.23417651841467207,-6.085815358299069,1.252963165244705,-4.267797963441765
-0.04418035314016319,-5.970765291542931,1.252963165244705,-4.267797963441765
-0.16891592986604595,-5.671250549844962,1.1902378609917548,-4.306009609476643
0.2678194909082171,-5.903739740117456,1.1779577845996827,-4.3134674103793635
0.2887359916010164,-5.686557179225819,1.1779577845996827,-4.3134674103793635
0.2138631679340283,-6.106705919828935,-0.21763005494420695,-6.373047177345724
0.23168840140840785,-6.025402994738323,-0.21763005494420695,-6.373047177345724
0.06636754961163169,-6.290567521586868,-0.21763005494420695,-6.373047177345724
-0.0045016164340380554,-6.315930545327266,-0.21763005494420695,-6.373047177345724
0.13164028053609345,-6.065972828149675,0.7183211737225084,-4.998071033584236
0.20656699128049977,-6.081903386947973,0.7183211737225084,-4.998071033584236
0.20453620510959386,-5.8134282188104445,0.7204693659496184,-4.99678022812767
0.15342511989061025,-5.8417566236709355,0.4365846636125177,-5.416167292312412
0.45804765731069463,-5.584807988851392,0.4365846636125177,-5.416167292312412
0.43890862706344147,-5.415517909666046,0.4365846636125177,-5.416167292312412
0.45108285995737374,-5.394754566753715,0.44500810471839136,-5.408140973665438
0.4349328351193985,-5.404416907652112,0.44500810471839136,-5.408140973665438
0.4376509962936298,-5.414833511151725,0.44500810471839136,-5.408140973665438
0.5237717467317429,-5.321584180197994,1.1763664101714841,-4.329907385734495
0.7463540424707504,-5.302561832781965,1.1763664101714841,-4.329907385734495
0.5817187095076272,-5.131108873546713,1.1763664101714841,-4.329907385734495
0.8480834850191407,-5.0174399620445955,0.8220095733456021,-4.850834875564582
0.8205806555713796,-4.887642620453201,0.8225881340745449,-4.849319938732249
0.8348413355129629,-4.865036279058872,0.8225881340745449,-4.849319938732249
0.8249663435499484,-4.845833272428414,0.8246970165674674,-4.843961337178202
0.8305884220801614,-4.843406939415602,0.8277370586880706,-4.842107755398891
0.8306894768287253,-4.836279898527619,0.8277370586880706,-4.842107755398891
0.8199723071147917,-4.846003715077793,0.8277370586880706,-4.842107755398891
1.070070024477472,-4.823677124966987,2.105288852242607,-2.987216954700542
0.9450961489126324,-4.757130995676737,2.105288852242607,-2.987216954700542
0.9858099164093419,-4.63582941861453,2.105288852242607,-2.987216954700542
1.104908421957823,-4.368509100876948,1.20855036184774,-4.288165800637902
1.2175847490732457,-4.268231938502093,1.20855036184774,-4.288165800637902
1.2024999823534885,-4.294017086544853,1.20855036184774,-4.288165800637902
1.213360962784568,-4.276249647226049,1.209418986937255,-4.281885218049922
1.2027835593742804,-4.2794866791158706,1.2109811745879917,-4.28092791302203
1.212900241751408,-4.282256467224482,1.2109811745879917,-4.28092791302203
1.0908069165863026,-4.172114272273607,1.7327079596740012,-3.5119013735903253
1.3061657621092264,-4.202304109813938,2.1259496355111693,-2.9477302377214096
1.4432220470549022,-4.137885361593214,2.1259496355111693,-2.9477302377214096
1.4056552834742715,-3.9215888997109274,2.117112540178065,-2.9530812587614035
1.364019129948073,-4.229703059196396,1.2190039142123423,-4.281962328009703
1.248038590856284,-4.285521641768075,1.2190039142123423,-4.281962328009703
1.1595808572020565,-4.2124727354569815,-0.16428828218968317,-6.338486959188941
1.1341425642257945,-4.212654551501143,-0.5853631963224071,-6.9578321387003434
0.9727466542049663,-4.305058829512884,-0.5853631963224071,-6.9578321387003434
1.183760026813217,-4.4171734809732905,-0.5853631963224071,-6.9578321387003434
0.9602187880986568,-4.706810654472012,0.4772298376772699,-5.386239652201855
0.8662198526331415,-4.610532772227702,0.4772298376772699,-5.386239652201855
1.1969086089259813,-4.839310165044172,0.4772298376772699,-5.386239652201855
0.5241655350587141,-4.485039414330524,-0.322115749018858,-6.560434858163717
1.2290996606822815,-5.088270935205019,-0.322115749018858,-6.560434858163717
0.8338123863515414,-4.894418543357652,-0.322115749018858,-6.560434858163717
0.9801369476986292,-5.172250287321542,-0.4217820655774598,-6.7058864172872
0.6486744211692925,-5.06197816311119,-0.4217820655774598,-6.7058864172872
0.1495319526680167,-5.004232445101991,-0.4217820655774598,-6.7058864172872
0.7590181078835903,-5.091087713867697,0.8315015883266756,-4.857929315785056
0.7992967574876205,-4.873821734047428,0.8453121792239628,-4.854110515226708
0.8435347249678046,-4.851451019420311,0.8453121792239628,-4.854110515226708
0.851136507633702,-4.865607716814269,0.8453121792239628,-4.854110515226708
0.7475703106022903,-4.9051818962241445,0.01857231967660633,-6.060140435217699
0.8908407328298709,-5.009314181891742,0.01857231967660633,-6.060140435217699
0.6937266450509421,-5.211087815573467,0.01857231967660633,-6.060140435217699
0.8553656512003103,-5.36577388734379,-1.0578679692958821,-7.628321274833112
0.6601890805317615,-5.266848683562649,-1.0578679692958821,-7.628321274833112
0.38896477859504186,-5.286548264028915,-1.0578679692958821,-7.628321274833112
0.47064398308916644,-5.428293072800923,0.46938957180567353,-5.426165569913355
0.5682052518428591,-5.4037087270683575,1.4291216799408706,-4.001458603528674
0.7979677286277996,-5.171218409176951,1.4291216799408706,-4.001458603528674
0.6624696839624507,-5.015018800566845,0.8168087063938683,-4.9111871551938915
0.7930584306764825,-4.957963739026327,0.8168087063938683,-4.9111871551938915
0.8191297076475577,-4.918760189305074,0.8168087063938683,-4.9111871551938915
0.8057246484392735,-4.919462531386728,0.8069399201094591,-4.917211920520122
0.8132074481361176,-4.916600440653522,0.8019641102097301,-4.916998230468919
0.7934722521208717,-4.919874399806531,0.8019641102097301,-4.916998230468919
0.7912626184495568,-4.855577426178278,1.233631991163862,-4.281947431406281
0.767604905831825,-4.766336545810268,1.9599320176762998,-3.2326833523550285
1.0289775045971146,-4.543660561791962,1.9599320176762998,-3.2326833523550285
1.0629887600068628,-4.746255289575096,1.9599320176762998,-3.2326833523550285
1.0001490494501781,-4.368108764791593,1.7103717787628612,-3.589129226344979
1.2326018805027241,-4.502284896200834,1.7103717787628612,-3.589129226344979
0.948651405316223,-4.264307672646537,1.7103717787628612,-3.589129226344979
1.4178539826715115,-4.4209869115722125,1.693567922606851,-3.5932714123466307
0.9237389787667082,-3.8700389805506084,1.693567922606851,-3.5932714123466307
1.2740701906231893,-4.251853595400679,1.693567922606851,-3.5932714123466307
1.576687658630916,-4.184353393724259,1.7046053185243588,-3.6029859330979694
1.5708166346364896,-3.724992094665811,1.7046053185243588,-3.6029859330979694
1.621101160737714,-3.655177686974828,1.7046053185243588,-3.6029859330979694
1.3127544736001453,-3.8861377639219046,1.0536005501526595,-4.55250638196086
1.3037937039882843,-4.020252838886626,1.0537302928709336,-4.550102761246926
1.0393490984808016,-4.232156015168834,1.0537302928709336,-4.550102761246926
1.3846817419469497,-4.443793795200376,1.0537302928709336,-4.550102761246926
1.0120126880755052,-4.369547401821411,0.7271380128814742,-5.03024563696988
1.294541757165449,-4.5641975544074,0.7271380128814742,-5.03024563696988
0.7978627054374092,-4.644694746820113,0.7271380128814742,-5.03024563696988
0.9323035606034484,-4.398805595627444,1.504506067775878,-3.8817468186193937
1.009637780422405,-4.313258896619046,1.504506067775878,-3.8817468186193937
1.3979800675013636,-4.116443668317755,1.504506067775878,-3.8817468186193937
1.477108653393919,-3.975123040355924,1.536621995242255,-3.8229245771485987
1.615996681634337,-3.8418235911568024,1.536621995242255,-3.8229245771485987
1.5377442125250782,-3.8230806288207804,1.536621995242255,-3.8229245771485987
1.4063559403053434,-4.065481305674065,-0.1322430386662734,-6.301249350784248
1.3903019787000395,-4.089174437705498,-0.1398342627118585,-6.305858752836919
1.3802939420173996,-4.135172630583236,-0.1398342627118585,-6.305858752836919
1.059293523603491,-4.145046604683148,-0.15480159090668688,-6.315894004710243
1.0821668188444036,-4.180361265554557,0.542364007178685,-5.308828585745691
0.9771064469529364,-4.155774475525875,0.542364007178685,-5.308828585745691
0.8765418293332685,-4.315436423626571,0.5344932567018832,-5.311522724708615
1.157492377401777,-4.62153975010259,0.5344932567018832,-5.311522724708615
0.773088749194212,-4.562997535055433,0.5344932567018832,-5.311522724708615
0.9126100336461688,-4.692424617654633,0.5344932567018832,-5.311522724708615
1.160551374719662,-4.820896574368741,0.5397970652448709,-5.301616454143161
0.9577968291984023,-4.930439507456493,0.5397970652448709,-5.301616454143161
0.608964977356153,-5.056566405174459,0.5397970652448709,-5.301616454143161
0.764617297690899,-4.736515853404031,1.2798741565264948,-4.231278759212161
0.8671254200158456,-4.77777874453793,1.2798741565264948,-4.231278759212161
0.9500822168448853,-4.639712770415722,1.2798741565264948,-4.231278759212161
1.1538080020476762,-4.474272699875078,1.2690574021760597,-4.238947161530029
1.1061935011352353,-4.834850492753698,0.6670621836026367,-5.127217418378292
1.0552736486732102,-4.869365112369237,0.6670621836026367,-5.127217418378292
0.7891445350606168,-4.781783646229488,0.6617515320153708,-5.128103345523483
0.7148945772461395,-5.085061389211649,0.6617515320153708,-5.128103345523483
0.6638253664681337,-5.1545242365470845,0.6617515320153708,-5.128103345523483
0.6861012027114639,-5.205614874540026,-0.14889971046967987,-6.321782404087303
0.7132886983888842,-5.170285883404405,-0.8898026692671783,-7.39734301757426
0.42472554014926156,-5.081132621406804,-0.8898026692671783,-7.39734301757426
0.5524389157752619,-5.500946399326342,-0.8898026692671783,-7.39734301757426
0.21302083049746046,-5.427192076298835,-0.8993246672511213,-7.403658970720127
0.4976584598869864,-5.643614056223641,-0.8993246672511213,-7.403658970720127
0.16795219907091874,-5.607443405174205,-0.8993246672511213,-7.403658970720127
0.019857319864017606,-5.5025159355846345,-1.9125170974156178,-8.854854485378159
0.1688450486041688,-5.6684093872847265,-1.9125170974156178,-8.854854485378159
0.5087836293221428,-5.9440912913190465,-1.9125170974156178,-8.854854485378159
0.2723005318054942,-5.812768144584893,-2.0539011276006978,-9.050849971864185
0.22171793089135206,-6.018095643128875,-2.16858346945266,-9.212145240096648
0.29131961011876,-6.156701438439064,-2.16858346945266,-9.212145240096648
0.038306699091867444,-6.34315697154464,-1.177170720142247,-7.798544055350607
-0.14565235255881678,-6.2882578840502905,-0.467769533927868,-6.779667050842303
-0.1335915493821269,-6.421016303288508,-0.467769533927868,-6.779667050842303
-0.13704999846260818,-6.616393795850911,-0.467769533927868,-6.779667050842303
-0.4673185626803844,-6.7580566447786286,-0.45884561372182375,-6.774641940992311
-0.43256009219344305,-6.817223933993084,-0.45884561372182375,-6.774641940992311
-0.4611509216355205,-6.767547526883586,-0.45884561372182375,-6.774641940992311
-0.436756029188219,-6.736750112210053,0.3202183564769323,-5.637536674117636
-0.4743748414831114,-6.623466016719889,0.3202183564769323,-5.637536674117636
-0.13502715282564656,-6.396754676419989,0.3202183564769323,-5.637536674117636
-0.10084730710993209,-6.272929224515755,-0.07136378656965547,-6.204117527147089
-0.06485923759004023,-6.200956503809934,-0.07136378656965547,-6.204117527147089
-0.07664994952018539,-6.205433200463469,-0.07136378656965547,-6.204117527147089
-0.17228905102814057,-6.38832554464901,-0.20118328831707655,-6.404495086156615
-0.19872260809558695,-6.400785693360238,-0.19754379621304574,-6.402121084396146
-0.19889819484072463,-6.403652766786272,-0.19754379621304574,-6.402121084396146
-0.19078712007477816,-6.39192659032492,-0.18864953793570227,-6.397186369514778
-0.11599924690700675,-6.2714846461027225,-0.018341424443784726,-6.1486166088568055
-0.022493682807668586,-6.151834874956582,-0.018341424443784726,-6.1486166088568055
-0.014060570011183715,-6.13619912577766,-0.018341424443784726,-6.1486166088568055
-0.052706013029416826,-6.160557101538546,-0.04934927767793096,-6.16730437444791
-0.04504055096469309,-6.143400285921508,-0.04934927767793096,-6.16730437444791
-0.05118344303308031,-6.166513290280204,-0.04934927767793096,-6.16730437444791
-0.19328791054466737,-6.388809378455769,-0.19154540705011924,-6.380272694685137
-0.17851943827375744,-6.37816094976085,-0.19154540705011924,-6.380272694685137
-0.19216247243995951,-6.391130813688171,-0.19154540705011924,-6.380272694685137
-0.1821479896004216,-6.37753115277461,-0.18400634982730946,-6.376184651549941
-0.18141346341816922,-6.381579888004138,-0.18400634982730946,-6.376184651549941
-0.17778131485697507,-6.375669758236153,-0.18400634982730946,-6.376184651549941
-0.31374645797767864,-6.541677576544574,-0.31473157434971566,-6.558723875820836
-0.24513921830068455,-6.558815296128532,-2.9281996372185484,-10.278406546085353
-0.3452836512372317,-6.716720682700813,-2.9281996372185484,-10.278406546085353
-0.45673103542040283,-6.783906326964992,-2.871264978378547,-10.199162320042095
-0.5420219900912705,-6.810435037805056,-2.8632292522462253,-10.197874705246887
-0.4521545360435082,-6.977794415180794,-2.8632292522462253,-10.197874705246887
-0.5113572509245651,-7.00856359502776,-0.958215758900143,-7.496616437170392
-0.6314173753762126,-6.635826629348509,0.5138054001937362,-5.35279364246412
-0.5362315231674888,-6.713149377616054,0.5138054001937362,-5.35279364246412
-0.36934605802633935,-6.768573782079964,0.5138054001937362,-5.35279364246412
-0.18078815197151402,-6.428500160001375,0.18110391978899254,-5.843967915733131
-0.3710058413839671,-6.494590795367589,0.18110391978899254,-5.843967915733131
-0.21113292230770345,-6.300098506078919,0.18110391978899254,-5.843967915733131
-0.05752307048353644,-6.160136469094806,0.18035486943490997,-5.843677520940955
-0.36593258580222626,-6.064568006024386,0.18035486943490997,-5.843677520940955
0.1044915478919465,-5.95475836956395,0.18035486943490997,-5.843677520940955
0.19453749853102534,-5.852042701996324,0.2026768431003929,-5.830095677410279
0.1839855109200489,-5.823438039115305,0.2026768431003929,-5.830095677410279
0.19048373295865567,-5.819638432067247,0.2026768431003929,-5.830095677410279
0.20599342407746585,-5.826454188514526,0.20282033308608716,-5.829970327692421
0.15190523163564137,-5.911345662456285,-0.2680372017035282,-6.521411980045204
-0.03008536740749182,-5.957157534923498,-0.2680372017035282,-6.521411980045204
0.11291552949368153,-6.0547426901513965,-0.2680372017035282,-6.521411980045204
0.0628282779734251,-6.28011923249748,-0.2710808314898856,-6.523121790068994
-0.2795162479981799,-6.442526749270764,-0.2710808314898856,-6.523121790068994
-0.2576575951590765,-6.491781006639963,-0.2710808314898856,-6.523121790068994
0.05233853236850586,-6.254674813170776,0.4795385416063329,-5.441162249381212
-0.19774634999925783,-6.1540810345492005,0.4795385416063329,-5.441162249381212
-0.10754132132682687,-6.088586312238942,0.4795385416063329,-5.441162249381212
0.027831904802745416,-6.256332593666503,-0.5225595645499987,-6.907803870624365
-0.06362492910632994,-6.20626969760236,-0.5225595645499987,-6.907803870624365
-0.03699325277043587,-6.530608187135314,-0.5225595645499987,-6.907803870624365
-0.35657739621958695,-6.57846278105592,-0.5301277916670961,-6.913086336814373
-0.31339033750960127,-6.553705959531399,-0.5301277916670961,-6.913086336814373
-0.46356546923544184,-6.8449338808392985,-0.5301277916670961,-6.913086336814373
-0.5556724944902036,-6.8928799727213,-0.5301277916670961,-6.913086336814373
-0.5154930781876553,-6.91888557342158,-0.5204374912055791,-6.90686403484563
-0.5116515102324761,-6.887217272558869,-0.5204374912055791,-6.90686403484563
-0.4566084949563345,-7.038236788238949,-1.5957442629306815,-8.43291220783995
-0.7290925938095677,-6.9162246169125,-1.4431608252059545,-8.202653607124507
-0.5187559870662581,-7.164793232133499,-1.4431608252059545,-8.202653607124507
-0.5970992067742593,-7.155316011894253,-1.4431608252059545,-8.202653607124507
-0.8248336117584597,-7.1685092440572316,-2.0327445168404585,-9.045421699311479
-0.7252229946579831,-7.290951641142539,-2.0327445168404585,-9.045421699311479
-0.7220147680401507,-7.465861126126839,-2.0327445168404585,-9.045421699311479
-0.7950456273871113,-7.446963563217142,-0.43319872976118345,-6.7519843237831365
-0.7088763960561669,-7.388892604652894,-0.43319872976118345,-6.7519843237831365
-0.7171286314234107,-7.27862802810878,-0.43319872976118345,-6.7519843237831365
-0.7702676313281022,-7.191102461039671,-1.1496636410680707,-7.7853077620847
-0.8046683048976243,-7.315579868099432,-1.1603757690655263,-7.791649023486254
-0.9347457401678263,-7.628062889878055,-1.1603757690655263,-7.791649023486254
-1.0957411967160857,-7.674588159268188,-1.0871062437164443,-7.689346139577821
-1.0722066211417658,-7.698670716766134,-1.0822511474558976,-7.687157715781547
-1.0733561979402912,-7.691785510919587,-1.0822511474558976,-7.687157715781547
-1.0899427518487117,-7.671187340597908,-1.0822511474558976,-7.687157715781547
-1.0808276042734217,-7.656598457263725,0.16700497001359826,-5.864779520794091
-1.1528521661826907,-7.457524527207266,0.16700497001359826,-5.864779520794091
-0.7335464586029297,-7.538522101296336,0.16700497001359826,-5.864779520794091
-0.8822924927711006,-7.377479020419268,-0.6109427537276069,-6.9955153176349905
-0.9010037430042585,-7.206942232010302,-0.6109427537276069,-6.9955153176349905
-0.8150822577610372,-7.081225796493006,-0.6109427537276069,-6.9955153176349905
-0.6549361827622716,-7.0464130617593845,-0.6498226894758388,-7.054382513979122
-0.6499883309167153,-7.045551356759008,-0.6498226894758388,-7.054382513979122
-0.6496504543136712,-7.049907201201889,-0.6498226894758388,-7.054382513979122
-0.48698425474404566,-7.0453454574036805,0.4612624533054759,-5.433143786000923
-0.7008899937556856,-6.873858574663973,1.2162620395181205,-4.3176642341912785
-0.5189401365711175,-6.852628567425215,1.2162620395181205,-4.3176642341912785
-0.5847414158209416,-6.783969286087627,1.1990894555355003,-4.329131020469058
-0.08377836268481056,-6.444873571491028,0.8470329908343843,-4.850931111491552
-0.27031052746215656,-6.524981362887157,0.8470329908343843,-4.850931111491552
-0.1648674587782508,-6.53220779874592,0.2976422550576876,-5.669510032036911
-0.3171221139700392,-6.6608249273482105,-0.48459985296568187,-6.817057999661116
-0.5135096592397841,-6.770421522812407,-0.48459985296568187,-6.817057999661116
-0.48328826654836565,-6.818295290477584,-0.48459985296568187,-6.817057999661116
-0.49027532089515974,-6.659895454002085,0.5576621799537516,-5.285989651057436
-0.2266534327993238,-6.684479180986173,0.5576621799537516,-5.285989651057436
-0.3318371815625372,-6.556485061938839,0.5576621799537516,-5.285989651057436
-0.4042864045806296,-6.439134978456858,0.5576621799537516,-5.285989651057436
-0.11748468011747176,-6.317041397667615,0.5576621799537516,-5.285989651057436
0.045916522809679006,-6.327273586931035,0.5576621799537516,-5.285989651057436
0.043357662714972406,-6.272459973192421,0.30547714923127667,-5.65392891076311
0.171879132439364,-6.1985349620659065,0.3036501240895251,-5.655039286050332
0.15755692666942894,-6.067206880665058,0.3036501240895251,-5.655039286050332
0.08492821862389455,-5.991200115812464,1.3319062171717961,-4.152409551280156
0.2052863490220826,-5.8221716207381045,1.3524799088205706,-4.147579217870905
0.18148603874306687,-5.903987615046052,1.3524799088205706,-4.147579217870905
0.3022618849605285,-5.77145828410079,1.3524799088205706,-4.147579217870905
0.3977192738026879,-5.435358756612533,0.7208724213132482,-5.052334339727654
0.5359030617543458,-5.571792033173661,0.7208724213132482,-5.052334339727654
0.49899353086153797,-5.617410806851471,0.7157802375744395,-5.055406009688306
0.7269769629358125,-5.55797995917306,0.7119049809811977,-5.0532417969134
0.6320920400654871,-5.028974602924668,0.7119049809811977,-5.0532417969134
0.6901033267102777,-5.021118063147865,0.7119049809811977,-5.0532417969134
0.7977914016905724,-5.271549820108459,1.59362847979049,-3.7609803680333647
0.833309803018685,-5.060192308389571,1.5995085347045457,-3.7669321290773583
0.6729860455577524,-4.925851160173015,1.5995085347045457,-3.7669321290773583
1.0115336144587226,-4.944576475422288,1.590741861945996,-3.772129256246429
1.0676244729105981,-4.839129628511416,1.590741861945996,-3.772129256246429
1.0046538520533217,-4.610488719362352,1.590741861945996,-3.772129256246429
1.2010715457998304,-4.432744018692402,1.5905914052061538,-3.772218424427748
1.2586052137543269,-4.536426019697657,1.5819241903474777,-3.763171603523841
1.1919737139184088,-4.374881646729252,1.5819241903474777,-3.763171603523841
1.1768206862728585,-4.074800679894112,1.5819241903474777,-3.763171603523841
1.4604049047409116,-3.939689424250783,2.2230394205331114,-2.859496769972352
1.2355403630468056,-3.8939473384690926,2.2230394205331114,-2.859496769972352
1.2904387679374165,-3.988777836982711,2.2230394205331114,-2.859496769972352
1.5100723899831343,-3.871001166349252,1.5063026446771117,-3.8735174013739986
1.504642629788105,-3.8932083613676034,1.5063026446771117,-3.8735174013739986
1.5012778984247597,-3.874840038175639,1.5063026446771117,-3.8735174013739986
1.6575670812070344,-4.007123454974408,0.8759420859073557,-4.7983780584655396
1.2807484174226136,-4.005794688896349,0.8759420859073557,-4.7983780584655396
1.3421333570177685,-4.184724113507339,0.8759420859073557,-4.7983780584655396
1.4745582554593137,-3.8970105401710686,1.507223637313768,-3.883208860869886
1.5200389697588819,-3.882931880729008,1.5120025786172797,-3.889637422998048
1.5182653293620487,-3.8876354872924126,1.5120025786172797,-3.889637422998048
1.5004929504911468,-3.893429029702165,1.4991983321391242,-3.893286985363852
1.4647669911035905,-3.97901163357425,1.09686358863309,-4.4754627057641105
1.4642470189681567,-4.010721317389431,1.09686358863309,-4.4754627057641105
1.4630273954610065,-4.123262918961336,1.09686358863309,-4.4754627057641105
1.243581595425829,-4.261280495089934,1.0972148753225965,-4.469244089397405
1.130162662203231,-4.410100550308443,1.0972148753225965,-4.469244089397405
1.0939784417187117,-4.4759651093427335,1.0972148753225965,-4.469244089397405
1.1347011769538595,-4.472894043349621,1.1215953442029567,-4.47677526213889
1.120625660395126,-4.471178294879381,1.1215953442029567,-4.47677526213889
1.1276159422165923,-4.4738455656376725,1.1215953442029567,-4.47677526213889
1.098627684461208,-4.545579991524957,-0.8289816575875366,-7.303173399396426
1.0483903018749887,-4.745138457292855,-0.8289816575875366,-7.303173399396426
0.7631684594257063,-4.70846348266399,-0.8289816575875366,-7.303173399396426
0.9193508608040323,-4.869069264326471,-0.8308936437709744,-7.305945200988468
1.149861732865023,-4.9560032260238,-0.821562749558534,-7.301435501432602
0.9368361234722052,-5.140506774441426,-0.821562749558534,-7.301435501432602
0.603126707900721,-5.204691926856988,0.5891951608892652,-5.231973443342143
0.7251603745663519,-4.862579820716529,1.51778022783726,-3.872515239042419
0.7586227426975225,-4.823436676487398,1.51778022783726,-3.872515239042419
0.820940593759166,-4.907855656151605,0.6385366380770641,-5.16024434323519
0.5482908764658004,-5.167872030304358,-0.17245308596489672,-6.352269985104783
0.600756913637058,-5.030821599999185,-0.17245308596489672,-6.352269985104783
0.6421818264973018,-5.117406428924935,-0.17245308596489672,-6.352269985104783
0.42159005180913195,-5.106617472958415,-0.5944795502883855,-6.969958798276199
0.550648599208475,-5.28531043363505,-0.5944795502883855,-6.969958798276199
0.3747681011044459,-5.244014278190531,-0.5944795502883855,-6.969958798276199
0.596308715997759,-5.225991575489481,0.7413692996582648,-5.020734798291418
0.6990730135875264,-5.2195052885110895,0.7413692996582648,-5.020734798291418
0.73188501765296,-5.034183259445333,0.7413692996582648,-5.020734798291418
0.7314386062656304,-5.0315639511860235,0.7308478646431682,-5.025223875538023
0.7311693385660865,-5.029642361671359,0.7308478646431682,-5.025223875538023
0.7424325334091231,-5.035558452089082,0.7308478646431682,-5.025223875538023
0.7391832874599636,-5.014269930657644,0.7325467717443819,-5.019805794961325
0.738440767505478,-5.022468837082631,0.7325467717443819,-5.019805794961325
0.7279806641002258,-5.024737820842169,0.7325467717443819,-5.019805794961325
0.728155460229313,-5.017426213383598,0.7293254887223859,-5.025916527531525
0.7275027460624292,-4.996328465837812,1.409534555997931,-4.047929118943027
0.9159677048031614,-4.723441266826173,1.409534555997931,-4.047929118943027
1.0299120242573707,-4.957080768483169,1.409534555997931,-4.047929118943027
0.6410353075401691,-4.814236844542355,0.0075351571747610535,-6.083979136829599
0.5396358567568301,-4.779554270341185,0.0075351571747610535,-6.083979136829599
0.6195294626601306,-4.897328973676807,0.0075351571747610535,-6.083979136829599
0.6258425918690108,-5.092617170500376,-1.1321124633693305,-7.685878670421065
0.4483131156374447,-5.175126320525241,-1.1321124633693305,-7.685878670421065
0.5739717199526079,-5.263793622441035,-1.1321124633693305,-7.685878670421065
0.4573817560065906,-5.481192868599367,0.37765034870914316,-5.495572149089525
0.8361444946006282,-5.47399689589611,1.3521290946250775,-4.066241244253938
0.6577297668128919,-5.195218526929166,1.3521290946250775,-4.066241244253938
0.574718005286198,-5.112783013752841,1.3521290946250775,-4.066241244253938
0.7368216992325102,-4.9791990606244045,0.7331473059458118,-4.973281435649131
0.7279586181455604,-4.953489708056218,0.7331473059458118,-4.973281435649131
0.7382008525765624,-4.966798678744016,0.7353366067960754,-4.9719645742071
0.7447298263353104,-4.969423392031587,0.7413215118449148,-4.964029195422356
0.7369540292131078,-4.961555057615388,0.7413215118449148,-4.964029195422356
0.7629893233882639,-4.9616537178304565,0.7413215118449148,-4.964029195422356
0.7106411607089258,-4.884071896013091,1.388002687641893,-4.008090817330467
0.8167725391590437,-4.735810375754401,1.388002687641893,-4.008090817330467
0.9329409829848846,-4.658663490381587,1.388002687641893,-4.008090817330467
0.7758792957451879,-4.911229427443576,0.7767731467209695,-4.9195911120607665
0.775388479786869,-4.92843223909118,0.7767731467209695,-4.9195911120607665
0.7820350929242729,-4.927184652902791,0.7767731467209695,-4.9195911120607665
0.7431319196548078,-4.908577563995766,-0.32007527088963394,-6.544708794702903
0.8140797146800915,-5.042423094484262,-0.32007527088963394,-6.544708794702903
0.5297826483915169,-5.022522213887442,-0.32007527088963394,-6.544708794702903
0.8538658113369612,-5.064751763269357,0.9019499820668995,-4.742732685962904
0.6590372875091393,-5.016675768106577,0.9140436033473378,-4.735317639436859
0.9162882494289663,-4.727759395968799,0.9140436033473378,-4.735317639436859
0.9153643462872406,-4.736941111798569,0.913923904505964,-4.735710861159144
0.7785619942069435,-4.766198538153168,0.07648588645521825,-5.975193680150484
0.8356413323376077,-5.108422978070759,0.07648588645521825,-5.975193680150484
0.9202214917886176,-5.0753772905362595,0.07648588645521825,-5.975193680150484
0.7043679244881303,-5.026231399226498,-0.6740417145431814,-7.0851219139017445
0.6027608921808969,-5.187425898627388,-0.6740417145431814,-7.0851219139017445
0.6337427277807379,-5.404734150923618,-0.6740417145431814,-7.0851219139017445
0.9283986282203126,-5.1211132036145335,1.576152761290871,-3.7696152968635683
0.9122317882529226,-5.205738449194243,1.576152761290871,-3.7696152968635683
0.809753248637054,-4.988503518279495,1.576152761290871,-3.7696152968635683
0.6367086418281596,-5.193426980889565,0.581433731509077,-5.245011027999956
0.6082365367135859,-5.245809990185791,0.5736116066577541,-5.249787820834191
0.5711311071570119,-5.2544906066660815,0.5736116066577541,-5.249787820834191
0.5736874038894972,-5.253627496521692,0.5762933888890729,-5.246144515430702
0.5292892664793553,-5.363226007331348,-0.5178926847980732,-6.861777397643759
0.7375713314849934,-5.4935891421985,-0.5178926847980732,-6.861777397643759
0.3192429734195208,-5.362197859828295,-0.5048641967530496,-6.853889670377948
0.5663004059230934,-5.511338327786938,0.7960346030897392,-4.944671582228093
0.6580789843822678,-5.362666909034481,0.7960346030897392,-4.944671582228093
0.7475779938954603,-5.0569132629843665,0.7960346030897392,-4.944671582228093
0.7162546491229635,-5.351069733111986,-0.2438069816359738,-6.4600516085100335
0.3712894980215925,-5.268768537193495,-0.2438069816359738,-6.4600516085100335
0.4612864674831024,-5.33749775988457,-0.2438069816359738,-6.4600516085100335
0.2868080397787121,-5.413425345795179,-0.2441768870716441,-6.460045785012298
0.46982639446454494,-5.6108984947792635,-0.2441768870716441,-6.460045785012298
0.20800414832725578,-5.753644015374959,-0.2441768870716441,-6.460045785012298
0.3959361707855299,-5.6699909648390046,0.96680647122826,-4.679579553067578
0.3787561977014454,-5.558343717809029,1.768227152972157,-3.50479935787075
0.5590582150293142,-5.607516817561857,1.768227152972157,-3.50479935787075
0.6872434087310967,-5.323544586667628,1.116228137665892,-4.461624627710931
0.1881383550543281,-5.583085200493018,0.2639917240446856,-5.712317891664968
0.3294468725464543,-5.664129648169696,0.2639917240446856,-5.712317891664968
0.2652933662425341,-5.723020013871534,0.2639917240446856,-5.712317891664968
0.39099041590713113,-5.872623459348055,-0.8235460131520598,-7.302835060305668
0.02750695436710318,-5.779067939337475,-0.8235460131520598,-7.302835060305668
0.28607734648628713,-5.978773981665101,-0.8235460131520598,-7.302835060305668
0.05147594755278043,-5.671988986505711,1.5213755774534201,-3.8687898011275426
0.18590279752222968,-5.645961220492389,1.5213755774534201,-3.8687898011275426
0.17029093833378975,-5.500157467792531,1.5213755774534201,-3.8687898011275426
0.005006693374565191,-5.321767456741081,1.1060113087092005,-4.462107924511969
0.6030751588349492,-5.618838852224284,1.1060113087092005,-4.462107924511969
0.6386183946506816,-5.648185784694584,1.1060113087092005,-4.462107924511969
0.4444594886082578,-5.348307694529602,1.1027733853909074,-4.45893677136831
0.37417156398357987,-5.22225172340867,1.1027733853909074,-4.45893677136831
0.245977257055772,-4.945749541744403,1.1027733853909074,-4.45893677136831
0.6701668333356643,-5.21278370068984,1.6648486252519399,-3.633693914229729
0.8016312010446951,-5.199576778590463,1.6904311910069794,-3.6298511262381283
0.9814925573833898,-5.083181016323162,1.6904311910069794,-3.6298511262381283
0.8595448030742935,-4.700220847359502,1.6736474293583163,-3.6400098700773884
0.8117665840801064,-4.727502547898757,1.661091232143008,-3.6453380670458406
0.786420038557571,-4.500377009296098,1.661091232143008,-3.6453380670458406
1.141760623364731,-4.5898014052961384,1.661091232143008,-3.6453380670458406
1.3427709693040688,-4.48639155792355,1.6506399816770037,-3.642638866608417
1.4326306070122077,-4.090089936660334,1.6506399816770037,-3.642638866608417
1.5318279755124808,-3.93179976560765,1.6506399816770037,-3.642638866608417
1.5569164374735407,-4.289926501421063,2.296502628909821,-2.768234329321281
1.3834347091620616,-4.002404556080308,2.296502628909821,-2.768234329321281
1.5449052129628997,-3.7905263556879527,2.296502628909821,-2.768234329321281
1.5782027101691163,-3.775698894424933,1.5727886674236993,-3.790559588620212
1.4620899558471914,-3.9462142379378937,1.172681694378274,-4.38108439358326
1.2924528791215875,-3.9933528873644972,1.172681694378274,-4.38108439358326
1.1574045245871791,-4.273620694462347,1.1630829821709177,-4.381655581358627
1.194726106030093,-4.3699814470382785,1.1565957850510746,-4.385642020096622
1.1612392839831305,-4.388830777973034,1.1565957850510746,-4.385642020096622
1.153840372844476,-4.38902953574913,1.1570178536394007,-4.392443660504513
1.4092966031096756,-4.366788987199337,1.7169390046710753,-3.596746962146282
1.2382258953049443,-4.11162304922604,1.7169390046710753,-3.596746962146282
1.4377663684632012,-4.168717859930404,1.7169390046710753,-3.596746962146282
1.4111875337346564,-4.115842119429949,1.708188826792786,-3.6019677486006243
1.552305294050376,-3.994979978195219,1.708188826792786,-3.6019677486006243
1.623823080240547,-3.927852286147708,1.708188826792786,-3.6019677486006243
1.3468714412905616,-3.9593713675261273,0.5717488992617119,-5.257679920606481
1.2365605356755347,-4.020236809338194,0.5717488992617119,-5.257679920606481
1.3446969246147575,-4.181869885702081,0.5717488992617119,-5.257679920606481
1.3906660625041314,-3.9403168800661974,1.5112193138821768,-3.899726764763032
1.5204005485241445,-3.9126936797838523,1.5112193138821768,-3.899726764763032
1.5081935204305574,-3.894920271499179,1.5112193138821768,-3.899726764763032
1.5141493209262442,-3.897798532423033,1.5112193138821768,-3.899726764763032
1.3413726520655782,-3.9196738511025027,1.1116379968874535,-4.4779966483341616
1.3674282899272037,-4.010212436668167,1.1116379968874535,-4.4779966483341616
1.2945168271915308,-4.379029289193035,1.1113034533264365,-4.471788213160246
1.1451017767695215,-4.4898050462915275,1.111219529933774,-4.46725194833402
1.111321924144002,-4.472799186144205,1.111219529933774,-4.46725194833402
1.1171740232659992,-4.470467407368993,1.111219529933774,-4.46725194833402
1.33381740472745,-4.251429787073176,1.3522011039427884,-4.122040981731407
1.1864234425816274,-4.204899849362577,1.3522011039427884,-4.122040981731407
1.3610062818043183,-4.11473264282302,1.3522011039427884,-4.122040981731407
1.2284030567878448,-4.154378422882688,0.13988883577699296,-5.9035305181811655
1.1354586850531876,-4.259889502803035,0.13988883577699296,-5.9035305181811655
1.098795552929457,-4.373785201210842,0.13988883577699296,-5.9035305181811655
1.3910495282496984,-4.699762518950047,0.1417520446360434,-5.901165828798716
0.8993658385976278,-4.5672123638632325,-0.04276502702643592,-6.167601360377793
0.7776660617051836,-4.646225373024077,-0.04276502702643592,-6.167601360377793
0.9933836859076478,-4.680354558713467,0.6233604320955544,-5.1933734310464015
1.0349690203644712,-4.573565818043826,1.332492615978412,-4.14978470469893
1.2094524163894382,-4.500335060730698,1.332492615978412,-4.14978470469893
1.1018188730401044,-4.449407927794784,1.332492615978412,-4.14978470469893
0.8764907338828513,-4.681870191070428,0.7336944984140952,-5.0447730568965135
1.0841752610792137,-4.749877663864467,0.7336944984140952,-5.0447730568965135
0.740842192195121,-5.007902431981171,0.7336944984140952,-5.0447730568965135
0.7178608579704674,-5.052803916120393,0.7155668017674679,-5.053506536226854
0.7345736708890542,-5.038579979927138,0.7155668017674679,-5.053506536226854
0.7174080843316543,-5.054238559529259,0.7155668017674679,-5.053506536226854
0.8142934329149375,-4.993069970207449,1.158632106191515,-4.3956498337932315
0.7884332503250916,-4.911166508875909,1.158632106191515,-4.3956498337932315
0.7321403039688276,-4.616974718359392,1.158632106191515,-4.3956498337932315
1.0464047444105322,-4.619324880709601,1.147555840666615,-4.402417808896377
1.1764165663583135,-4.4622219058164685,1.1475309344417197,-4.40190204366881
1.1232868976289325,-4.3974199325128644,1.1475309344417197,-4.40190204366881
1.1464541923819918,-4.396347964949527,1.1475309344417197,-4.40190204366881
1.163842611117775,-4.40088563102081,1.1460646700344268,-4.400242162853999
1.1465368600301964,-4.407747877785518,1.1460646700344268,-4.400242162853999
1.152650813586665,-4.407467780324331,1.1466027559595195,-4.409359686558295
1.1472608508864526,-4.417881852517227,1.147240687686442,-4.415164343484195
1.1423011584897622,-4.415296686822687,1.147240687686442,-4.415164343484195
1.150653630079586,-4.4102338272793435,1.147240687686442,-4.415164343484195
1.1347391022407656,-4.544908306095533,-0.20317482732520387,-6.3827760587565034
1.049964279842298,-4.467959132141671,-0.20317482732520387,-6.3827760587565034
1.171081311367161,-4.663093063734482,-0.20317482732520387,-6.3827760587565034
1.0463002142316258,-4.651729748704054,-0.19329063979830563,-6.376412095385988
0.9313622109644366,-4.803225876523734,-0.19329063979830563,-6.376412095385988
0.5757953677508684,-4.888058787430055,-0.19329063979830563,-6.376412095385988
0.7869400766354553,-4.999532632958519,0.7605122502733734,-4.984723278275253
0.8847233901351947,-4.744132197886683,1.4343328317113653,-4.018040839450858
1.0104206950354035,-4.543540772410854,1.4343328317113653,-4.018040839450858
1.0795698660320703,-4.3942032276235,1.4259860188973508,-4.017919749527071
0.8408616055139678,-4.884109202374902,0.8042441251571355,-4.9275765520711
0.8110872506477244,-4.936439511163795,0.8042441251571355,-4.9275765520711
0.8017160819182407,-4.9325094923557415,0.7999103577611466,-4.9301854360342805
0.8512211302281991,-5.052243252974786,0.5111859979053235,-5.349817406303011
0.5738529892064365,-5.196686420325554,0.5111859979053235,-5.349817406303011
0.4540328234011972,-5.3130850085303996,0.5111859979053235,-5.349817406303011
0.5373917329099993,-5.330790524602852,0.5361583690446663,-5.323213405355002
0.5372800887551589,-5.3108411913977704,0.5361583690446663,-5.323213405355002
0.5381465400484513,-5.324726666422361,0.5361583690446663,-5.323213405355002
0.3798572304394021,-5.474523691470415,-0.27517208009597893,-6.505055804210697
0.4718915495321506,-5.622747536420497,-0.27517208009597893,-6.505055804210697
0.42625364383170183,-5.564295817459285,-0.27517208009597893,-6.505055804210697
0.27169660525517314,-5.804044852840172,-0.37788899147233357,-6.656688456340959
0.4063667933338182,-5.940618578592814,-0.37788899147233357,-6.656688456340959
0.09505152704340564,-5.5917437513304025,-0.37788899147233357,-6.656688456340959
0.17158446219294982,-5.629036676586072,0.864313285339477,-4.822937486265718
0.18813801426109364,-5.469722941785231,0.8756139478904035,-4.820851540733779
0.6180497114664403,-5.644138637533687,0.8756139478904035,-4.820851540733779
0.5789514658771049,-5.3754107983563575,0.8647300478876563,-4.827406984320811
0.3485796462933035,-5.597818760772066,0.30641392530605205,-5.6472101498849545
0.30720325173412294,-5.647366736575214,0.30641392530605205,-5.6472101498849545
0.3040414225711051,-5.653083803047738,0.30641392530605205,-5.6472101498849545
0.19648556331033037,-5.676884769845988,-0.7791939288783687,-7.236572728782002
0.2513119981632417,-5.747916600820902,-0.7791939288783687,-7.236572728782002
0.18355608955962457,-5.765591321278736,-0.7791939288783687,-7.236572728782002
0.0002858815268234338,-5.905370328948011,-0.7865428360534348,-7.238676548341504
-0.13925136977054736,-5.9386890560328975,-0.7865428360534348,-7.238676548341504
-0.1780225576835622,-6.059225003682507,-0.7865428360534348,-7.238676548341504
-0.226178008373327,-6.088178453930762,-0.8012409492734687,-7.255500192854645
-0.24622635753395072,-6.154859141282382,-0.8012409492734687,-7.255500192854645
-0.3548770938300432,-6.281575774454594,-0.8012409492734687,-7.255500192854645
-0.05931538289143251,-6.383521912242568,-1.8320744931644832,-8.737505936565988
-0.38880094843534796,-6.482453684910659,-1.8213755231293438,-8.73364241596463
0.019408703318851694,-6.894590080316461,-1.8213755231293438,-8.73364241596463
-0.2725546687643279,-6.604668860899673,-1.8213755231293438,-8.73364241596463
-0.23784069283279158,-6.729573790776643,1.1293205911606081,-4.460759849695842
-0.28771425076564483,-6.610331407376989,1.1293205911606081,-4.460759849695842
-0.2603866090408191,-6.206960613680167,1.1293205911606081,-4.460759849695842
0.0768462362216169,-6.493479143688861,0.4923082341490246,-5.387012656244991
-0.22711794425401438,-6.23655672438689,0.4923082341490246,-5.387012656244991
0.2143190102209137,-6.258120922978482,0.4923082341490246,-5.387012656244991
-0.21461008926412203,-5.851749439874389,0.4809976634290485,-5.393877488305457
-0.17729762802295573,-5.743669616740961,0.4809976634290485,-5.393877488305457
-0.12084355523399173,-5.815236325318384,0.4809976634290485,-5.393877488305457
0.30431906946736303,-5.934907709107598,1.4465028294299738,-3.975271512890074
0.6058185297352205,-5.957944107702779,2.1068143496515077,-3.012526933793522
-0.21810430970892153,-5.387859253375597,2.1068143496515077,-3.012526933793522
0.21638279845218944,-5.457424604090377,2.091133698438874,-3.0192587944719107
0.6577491366172309,-5.598226760375959,1.4078738041557388,-4.0182201706144225
1.102465640946951,-5.748375313027134,1.4078738041557388,-4.0182201706144225
0.5398372200278122,-5.3102712431339665,0.5483827879024648,-5.29346476246282
0.5565828119149641,-5.6270847868753435,-0.545677106274389,-6.904011996794194
0.6315743479845424,-5.623704856813884,-0.545677106274389,-6.904011996794194
0.4275088837567306,-5.741884768841581,-0.545677106274389,-6.904011996794194
0.22778160006784878,-5.33111278391218,0.7685070655656956,-4.979632713800454
0.5949896885162298,-5.648422400121183,0.7685070655656956,-4.979632713800454
0.5514309740626888,-5.319719147424929,0.7685070655656956,-4.979632713800454
0.6437759311408957,-5.081724785384643,0.7581350546037808,-4.984238067842092
0.7606664982016493,-4.987035799219907,0.7581350546037808,-4.984238067842092
0.7751661748172948,-4.989867035404527,0.7581350546037808,-4.984238067842092
0.7597274371287581,-4.9725890830749195,0.759505275766849,-4.979070459667712
0.7500530841507074,-4.982117861063795,0.759505275766849,-4.979070459667712
0.7558333413639873,-4.975886092047815,0.759505275766849,-4.979070459667712
0.8357475596707833,-4.988763269313983,1.629839571689605,-3.6965473749343305
0.6994672757533913,-4.775331074458048,1.636498659077608,-3.7035030601043184
1.1016950412689195,-4.849683293124994,1.636498659077608,-3.7035030601043184
1.0717229811978168,-4.760228951471787,1.636498659077608,-3.7035030601043184
0.9763412710179058,-4.770941746835051,0.46670278076626603,-5.414129349759605
0.6387466702042321,-4.698911589884617,0.46670278076626603,-5.414129349759605
0.7641753405696804,-4.804939486815767,0.46670278076626603,-5.414129349759605
0.8594264185129437,-5.257078942924463,0.4662462460392902,-5.411977673420662
0.6643186057203615,-5.137062347965397,0.4662462460392902,-5.411977673420662
0.5217388687799688,-5.301240525139052,0.4662462460392902,-5.411977673420662
0.8323031279479284,-5.230093494093305,1.6778872668283535,-3.674473222220548
0.9723088298875486,-5.133116272666289,1.6778872668283535,-3.674473222220548
0.7214594036881812,-4.959575259490867,1.6778872668283535,-3.674473222220548
1.0135256995787105,-4.618342503018898,1.0104238830742318,-4.624542505776727
0.9959223749599065,-4.60941021491074,0.9978183686240665,-4.632184000055742
0.9976243257051733,-4.628345866686892,0.9978183686240665,-4.632184000055742
0.9886245797550504,-4.6485623827782945,0.995626626416632,-4.633511833082272
0.9894659062152881,-4.634748358927936,0.9918079051120512,-4.63041977654046
0.9990783873648096,-4.650917809513964,0.9918079051120512,-4.63041977654046
1.0402078345029258,-4.557041788395989,1.7840142536256176,-3.460817649724356
1.1381576717575383,-4.493408856183773,2.384724945983629,-2.651799886173827
0.9971019083504755,-4.4077324480546585,2.384724945983629,-2.651799886173827
1.0443810795668802,-4.316084462283868,2.384724945983629,-2.651799886173827
1.2910255344428485,-4.384348138174782,1.4207737642221716,-3.997103581200515
1.4362227657847908,-3.9995794668976923,1.4207737642221716,-3.997103581200515
1.4229057645541274,-3.9791617351550848,1.4207737642221716,-3.997103581200515
1.4137801165139638,-3.9882095801153836,1.4111387853875663,-3.9956678128985237
1.425035563953911,-3.988649526695171,1.4111387853875663,-3.9956678128985237
1.4139317067120518,-3.993064639160589,1.4111387853875663,-3.9956678128985237
1.4223264425020248,-4.002088788621723,1.4281768236191725,-3.994477305231193
1.4239125280717948,-4.0012880393706975,1.4319425818506764,-4.000786818165225
1.422523952093595,-4.0030292767153535,1.4319425818506764,-4.000786818165225
1.4349648659815992,-4.004516661096036,1.4301852680313052,-3.997934487786642
1.42470841637927,-4.016039464001311,1.423638186980581,-3.9989865943716416
1.4195232877736506,-4.004889174582742,1.423638186980581,-3.9989865943716416
1.4198329026894654,-4.002364248958424,1.423638186980581,-3.9989865943716416
1.301886653307092,-3.924459370329905,0.5659469683419056,-5.264356417337233
1.4226357386358663,-4.180175177097423,0.5659469683419056,-5.264356417337233
1.2748224352783173,-4.143443627662808,0.5659469683419056,-5.264356417337233
1.3386361549502996,-4.107718479978507,1.4835244127720033,-3.902729084107872
1.4747200600310524,-3.923102123403189,1.4835244127720033,-3.902729084107872
1.491101648641999,-3.9143850234385344,1.4835244127720033,-3.902729084107872
1.3725721812975906,-4.016408964321621,0.301147559916322,-5.6498812767042175
1.3157964234357582,-3.9925077535959854,0.29659187561389944,-5.652644311961499
1.2309426576488627,-4.106230968645034,0.29659187561389944,-5.652644311961499
1.1838842431253993,-4.15414033900792,-0.47810320142798446,-6.795566943199904
1.089304874997763,-4.182330536531817,-1.1868272389149643,-7.822009154425663
1.033424484054299,-4.4319910704030345,-1.1868272389149643,-7.822009154425663
0.8621691514495902,-4.51810165384007,-1.1738846782989927,-7.814251827337896
0.9456997318902137,-4.535209649007316,0.11517881980147493,-5.945950067816721
0.640431403466905,-4.900477788235051,0.11517881980147493,-5.945950067816721
0.7033786482017127,-4.5742751923322365,-0.3588418187831992,-6.628789557121931
0.6922092387108305,-4.719777412531283,-1.0789356258526406,-7.671992934549279
0.5129113871958993,-4.907228618544988,-1.0789356258526406,-7.671992934549279
0.5026882678345819,-4.896698558672296,-1.0789356258526406,-7.671992934549279
0.39330651388879545,-4.965278563716138,-1.706988917915017,-8.584977178287328
0.6386748923364682,-5.393591659710697,-1.706988917915017,-8.584977178287328
0.6309611068929911,-5.447917833876357,-1.706988917915017,-8.584977178287328
0.06904605354571502,-5.355562524056697,0.056523073675378344,-6.037910310201875
0.4208182848063898,-5.382564676141747,0.056523073675378344,-6.037910310201875
0.3160145561739224,-5.704425962900144,0.056523073675378344,-6.037910310201875
0.34684407004253026,-5.725422725824735,-0.11997038313156327,-6.28307948703282
0.10641678407611127,-5.715731552967026,-0.8767074933377919,-7.371337063194866
0.0489993067991918,-5.606759398930063,-0.8767074933377919,-7.371337063194866
-0.2229587436338815,-5.5896604222845125,-1.5495106989381722,-8.330724607253389
-0.10614130020307258,-5.896004117783742,-1.5379638130981435,-8.326279519812672
-0.5538228604684696,-5.68827511476958,-1.5379638130981435,-8.326279519812672
0.30349171480615855,-6.34777592179123,-1.5320573302751248,-8.32275953445206
0.16608351616886874,-6.152855599383859,1.2128108809370512,-4.312737289027925
-0.14980961144870902,-5.88089416380652,1.2128108809370512,-4.312737289027925
-0.09617711032970518,-5.846435892816365,1.2128108809370512,-4.312737289027925
0.010746878964201165,-6.075936031555943,0.020876305857880473,-6.058059924921622
0.02078942401660787,-6.062184264627755,0.020876305857880473,-6.058059924921622
0.014214812033266716,-6.063242610169733,0.020876305857880473,-6.058059924921622
-0.04934742049536421,-6.038315797844541,-1.0536029443040849,-7.625612434098129
-0.3100598027439415,-6.104731747188626,-1.0536029443040849,-7.625612434098129
0.021024981739972567,-6.334044794494084,-1.0536029443040849,-7.625612434098129
-0.08098828269768246,-6.231577598532367,-0.0791074576625479,-6.224500239558131
-0.02231534588191869,-6.0300795921678985,0.8337289885095802,-4.884851814486362
-0.05335966985336574,-5.993629369605771,0.8337289885095802,-4.884851814486362
0.1885961732032021,-6.031485691056203,0.8347489948585243,-4.882141488310891
0.0885000533128362,-5.709723520826885,0.5278753616978458,-5.323221561983713
0.09597358635770778,-5.616870441070431,0.5278753616978458,-5.323221561983713
0.006884225987810355,-6.062105203912954,0.008271231948848268,-6.084138139182231
0.005335137431310311,-6.073656821405093,0.014669775869109003,-6.079139111234905
0.011403056370847361,-6.084518619717246,0.014669775869109003,-6.079139111234905
0.012967686552303875,-6.083850727933272,0.014669775869109003,-6.079139111234905
0.023644626159892615,-6.078532054141318,0.026376755157862863,-6.074184754953093
0.022700925379762954,-6.084422351885198,0.026376755157862863,-6.074184754953093
0.03308376534816343,-6.070286815798041,0.026376755157862863,-6.074184754953093
0.12282577251235831,-6.174440191056697,-0.49858645158845016,-6.838906681809347
-0.017558981874612356,-6.211322636223726,-0.49858645158845016,-6.838906681809347
-0.04537632220547913,-6.528989711679265,-0.49858645158845016,-6.838906681809347
-0.32028319259983284,-6.206162105562325,-0.49923252582887745,-6.839839592178297
-0.24450782826064196,-6.34323960229568,-0.4913635171888515,-6.835445760344666
-0.38345983923678284,-6.802829572747285,-0.4913635171888515,-6.835445760344666
-0.5086497572943903,-6.832789050843482,-0.5015644807161075,-6.8411297603007215
-0.382101330644558,-6.610991952246067,0.8110771684500617,-4.927369803984382
-0.2835537002264207,-6.495194825286339,0.8110771684500617,-4.927369803984382
-0.39939503000000853,-6.375049541791902,0.8116250789418258,-4.926113736095832
-0.23109374706446487,-6.442833075457676,-0.23289386953421198,-6.448929962475716
-0.22944914331682492,-6.459766969766222,-0.23289386953421198,-6.448929962475716
-0.23480694072426775,-6.447573387881685,-0.23289386953421198,-6.448929962475716
-0.2176821748567166,-6.4430782404137865,-0.22065792852038846,-6.441057335400721
-0.22104803148395322,-6.4498769281687265,-0.22065792852038846,-6.441057335400721
-0.22228406826361713,-6.440343379476541,-0.22065792852038846,-6.441057335400721
-0.2411439142654323,-6.347586729089059,0.7442489482370847,-5.022567956495776
-0.03846632073519521,-6.2625930062022865,1.61433914169886,-3.72961343464279
-0.1655062885821571,-6.259029314515975,1.61433914169886,-3.72961343464279
-0.02271442852175659,-6.28286822099121,0.7466691095931952,-5.018781983609459
-0.13794379587246966,-5.938964546323256,0.19351600277674463,-5.824537596216064
0.13233930661631738,-5.7811668651703565,0.19351600277674463,-5.824537596216064
0.005053311671846139,-6.1031915663497776,0.005326160429636628,-6.101427203717952
0.035198648001865396,-6.1347309660318174,-0.43827282624164243,-6.753279635097161
0.036982243144632665,-6.352746790318675,-0.43827282624164243,-6.753279635097161
0.021415719176286402,-6.276617124711118,0.8439170817726283,-4.867979776823745
0.1226521889943109,-5.954262900544471,0.8564362998835338,-4.860274357438113
-0.12318558208015178,-5.984946118103788,0.8564362998835338,-4.860274357438113
0.16510220840379142,-5.908715218565643,0.8564362998835338,-4.860274357438113
0.025973416506399866,-6.126323939515922,-0.19101142533814564,-6.3979529199512015
0.11425079032602889,-6.11567714694771,-0.19101142533814564,-6.3979529199512015
-0.16202322345620895,-6.394373221319016,-0.19101142533814564,-6.3979529199512015
-0.17872000021610404,-6.166149186361617,-0.6110273396515158,-7.009974569832
-0.21792327643311046,-6.4510678998562865,-0.6110273396515158,-7.009974569832
-0.2742270595862025,-6.532685478549365,-0.6110273396515158,-7.009974569832
0.047888341085779315,-6.520690030126343,0.7163760048054688,-5.0479634843029535
0.0973975766422436,-6.343900626851257,0.7128792909480035,-5.054257177256812
-0.046695268622766045,-5.97394400550162,0.7128792909480035,-5.054257177256812
-0.11185559041134568,-6.003942504569708,0.16577551487424902,-5.852157291107955
-0.0230139245086044,-6.132257250466763,-0.021133991865639246,-6.126113370535338
-0.027352131258454676,-6.13182246648565,-0.021133991865639246,-6.126113370535338
-0.016185992471584254,-6.121175443262724,-0.014360239649695572,-6.121159309295248
0.001737562796139902,-6.118837342683921,-0.012906853154336595,-6.119641473750036
-0.0037520569593791353,-6.131445648457979,-0.012906853154336595,-6.119641473750036
-0.008535277510679673,-6.122957180010262,-0.012906853154336595,-6.119641473750036
0.11804624197190536,-6.0557191101227845,1.1109634406951046,-4.462737073352908
0.21756835581315942,-5.962772576985796,1.1109634406951046,-4.462737073352908
0.1192226754557129,-5.7962656063174105,1.1109634406951046,-4.462737073352908
0.5121346866761188,-5.930157518996307,1.1016883989910955,-4.467700014432884
0.27760412975704507,-5.848254575601321,0.767187654571817,-4.9652408945002495
0.2391426416285759,-5.592706722365567,0.767187654571817,-4.9652408945002495
0.175716763974554,-5.496605645650053,0.7686710483840493,-4.961212784497551
0.3254532413757075,-5.577462374481864,0.7686710483840493,-4.961212784497551
0.487846567422197,-5.163976779758729,0.7686710483840493,-4.961212784497551
0.6768007764145559,-5.453486555270612,1.6360540863255053,-3.6905517877254628
0.5191624908369116,-5.074411043002446,2.2579947262915026,-2.8061438417211386
0.8626291994096794,-5.402153411309364,2.2579947262915026,-2.8061438417211386
0.8291726354900475,-5.1431576228091185,2.2421780257291712,-2.81548616471919
0.5449019848566733,-5.333617009255622,0.5139763889698576,-5.341496978864579
0.5301807022173939,-5.319023816535386,0.5139763889698576,-5.341496978864579
0.5149018783442072,-5.348542762553686,0.5139763889698576,-5.341496978864579
0.6418425360382868,-5.4031803789026505,-1.2792387048908724,-7.958528907897277
0.42148886046854683,-5.474134036744251,-1.2792387048908724,-7.958528907897277
0.29455033517972673,-5.382753826017415,-1.2792387048908724,-7.958528907897277
0.5407495367062358,-5.493617401378338,1.318494484371069,-4.155624539957332
0.4710866502258152,-5.343004120399455,1.318494484371069,-4.155624539957332
0.5048733195827946,-5.278173483906465,1.318494484371069,-4.155624539957332
0.5437682698473667,-5.225320195555041,0.9435714954173657,-4.703307394894576
0.8979177059580548,-5.290155468971383,0.9435714954173657,-4.703307394894576
0.8277532251632959,-4.9062704852997605,0.9435714954173657,-4.703307394894576
1.0444983793527924,-4.865225449125668,0.9435714954173657,-4.703307394894576
0.9545304312596948,-4.739577629865753,0.9432802539268654,-4.703484291457626
0.9378259661794023,-4.694745283076528,0.9432802539268654,-4.703484291457626
0.9323618738070166,-4.692406104598558,0.9432802539268654,-4.703484291457626
0.9503749063981095,-4.69995945334212,0.9554285019533579,-4.701383458115268
0.9419373569622478,-4.702977715239859,0.9554285019533579,-4.701383458115268
0.9741215539602506,-4.7136961586367105,0.9554285019533579,-4.701383458115268
0.8638469236790147,-4.805760770151759,0.3772868256014472,-5.541703000874179
1.1012661655029743,-4.9390778591513875,0.3772868256014472,-5.541703000874179
0.6940932322841923,-4.80664823657994,0.3772868256014472,-5.541703000874179
0.6069980806745471,-5.054123295223435,0.3790444770450201,-5.538113895019306
0.7368226252175674,-5.042906105616985,0.3790444770450201,-5.538113895019306
0.38033886792033544,-5.394640673091366,0.3790444770450201,-5.538113895019306
0.3847174767001508,-5.517638533636882,0.3886189308987793,-5.532297743579056
0.38446982684584324,-5.523555106148138,0.3886189308987793,-5.532297743579056
0.3877419682283622,-5.528805853101015,0.3886189308987793,-5.532297743579056
0.37637424784176354,-5.5445914637490015,0.38049926818319046,-5.537032531236791
0.38032328226383355,-5.540048674931252,0.38049926818319046,-5.537032531236791
0.37262884409370084,-5.544762343727613,0.38049926818319046,-5.537032531236791
0.36911769917692006,-5.539426910613854,0.38049926818319046,-5.537032531236791
0.14172016123968761,-5.640393921521922,-0.40161385095198354,-6.691051708064895
0.44843478185991736,-5.701255325963307,-0.40161385095198354,-6.691051708064895
0.1734703684543603,-5.615889835401718,-0.40161385095198354,-6.691051708064895
0.45043372852368757,-5.778047279407802,0.8637137081147654,-4.829843788991775
0.4554032277819835,-5.739889355200901,0.8637137081147654,-4.829843788991775
0.1615289858769416,-5.4599698419851075,0.8637137081147654,-4.829843788991775
0.45618710134762325,-5.423391809171756,0.8537260618150562,-4.835979520738864
0.4736506851806857,-5.440352609981766,0.8537260618150562,-4.835979520738864
0.5731562980762244,-5.3204859208627155,0.8537260618150562,-4.835979520738864
0.5546674864867774,-5.572745843126109,0.2911040172037578,-5.663943633897018
0.3109204883101209,-5.620716223809017,0.2911040172037578,-5.663943633897018
0.2893839354878134,-5.648587837450991,0.2911040172037578,-5.663943633897018
0.3006762787413159,-5.6624508389339345,0.29554978089641715,-5.660154246879292
0.35536569996505035,-5.773793483515681,-1.1144913275467405,-7.725873995111989
0.11827867499793143,-5.986796376595562,-1.1144913275467405,-7.725873995111989
0.2823029234027825,-6.002936503799267,-1.1144913275467405,-7.725873995111989
0.13854521897434988,-5.761233858770531,0.4185707577515463,-5.492441207542489
0.3410503880854373,-5.566136035796693,0.4185707577515463,-5.492441207542489
0.389257041303028,-5.560154067318754,0.4094567538040932,-5.4980337393477035
0.2090431277218846,-5.837101765792485,0.17925741192786804,-5.834168812315592
0.19667999485547277,-5.821830636222891,0.17925741192786804,-5.834168812315592
0.17184733777592054,-5.8442049442201665,0.17925741192786804,-5.834168812315592
0.18083020116438095,-5.830081145750188,0.18009495250022933,-5.832944984391586
0.18623676214088672,-5.838345857112481,0.18009495250022933,-5.832944984391586
0.1794198562107557,-5.834039786857695,0.18009495250022933,-5.832944984391586
0.1924071290692327,-5.82441867968244,1.23507171838749,-4.272559776767425
0.37300930911672914,-5.648890188553325,1.23507171838749,-4.272559776767425
0.5087488407265083,-5.419230793027507,1.23507171838749,-4.272559776767425
0.4592800548227721,-5.669335016099012,0.884085037566209,-4.79714022432712
0.4097228564323784,-5.308291938627516,0.8840695472539126,-4.797184691955639
0.339637043178214,-5.291632306861312,0.8840695472539126,-4.797184691955639
0.8146180327038762,-5.1662966432172945,0.8840695472539126,-4.797184691955639
0.5180690777265434,-5.387819853167262,-0.21735213410074228,-6.429160043487901
0.39666345626779265,-5.579659512792015,-0.21735213410074228,-6.429160043487901
0.4132747055633216,-5.564274010193446,-0.21735213410074228,-6.429160043487901
0.24609112115695103,-5.5308083406805215,-0.3149879842592227,-6.5860267828696415
0.27718144795837996,-5.621555461152467,-0.3149879842592227,-6.5860267828696415
0.3715887074113222,-5.802072324686139,-0.3149879842592227,-6.5860267828696415
0.018206245339128346,-5.661616611081046,-1.0076903668878012,-7.57396028684883
0.18681126255275887,-5.937613632077115,-1.0076903668878012,-7.57396028684883
0.055408078763542645,-6.0359061397289775,-1.0076903668878012,-7.57396028684883
-0.14775678438530815,-6.01352895365454,-1.6514923819975245,-8.502026000100585
-0.42192121900092133,-5.9404793870764525,-1.6506175568126022,-8.50297267792834
0.004081168819167272,-6.280919086401584,-1.6506175568126022,-8.50297267792834
-0.3060016984036725,-6.071867492611865,-1.1428690115909972,-7.762425294105641
-0.11866358424059006,-6.292344617095448,-1.14192637975168,-7.7598812934237165
-0.16301570398402232,-6.492978665603624,-1.14192637975168,-7.7598812934237165
-0.5236636541556284,-6.495999034057121,-1.7743136228505347,-8.6642531409933
-0.13779280382777526,-6.665907777441437,-1.9538515643030188,-8.906161470541058
-0.5012014589984043,-6.532819534512548,-1.9538515643030188,-8.906161470541058
-0.752877756650139,-6.584041244225108,-1.9538515643030188,-8.906161470541058
-0.7880985000755729,-6.757640764857108,-1.940817618667588,-8.902534926069563
-0.7985038031436916,-7.0950496966063685,-1.940817618667588,-8.902534926069563
-0.4791126888120535,-7.17648793704737,-1.940817618667588,-8.902534926069563
-0.6667135678158072,-6.755297539608672,1.0547606276601171,-4.546208947170984
-0.612873570706302,-6.6812745603191255,1.0547606276601171,-4.546208947170984
-0.3282700111087381,-6.9279875411938745,1.0547606276601171,-4.546208947170984
-0.40672291969386276,-6.865376744280507,1.0468488919717331,-4.544147665752178
-0.7159871439503637,-6.49986026416378,1.0468488919717331,-4.544147665752178
-0.14485621995397532,-6.72236513807478,1.0468488919717331,-4.544147665752178
-0.5458269524348852,-6.093483703871478,1.0407720951913608,-4.547881407007035
-0.09467754399246761,-6.543561256610285,1.6010329573034183,-3.708352231935427
-0.6018623392906625,-6.082719257110408,1.6010329573034183,-3.708352231935427
-0.4153275991679899,-6.132812901809921,1.6010329573034183,-3.708352231935427